run_id,source_split,timestamp,exit_timestamp,symbol,side,directional_group,regime,confidence,confidence_bin,session_hour,session,p_bull,p_bull_bin,p_bear,p_bear_bin,adx,adx_bin,atr,atr_entry_pct,atr_entry_pct_bin,ema_stack,same_timestamp_entries,same_timestamp_group_entries,pm_open_positions_seen,exit_reason,pnl,realized_rr
bt_20260511_143554,test,2023-08-22T02:00:00+00:00,2023-08-22T02:45:00+00:00,GBPJPY,buy,gbp_cross_buy,BIAS_NEUTRAL,0.77,0.75-0.80,2,asian,0.76953125,0.75-0.80,0.23046875,<0.50,22.230976104736328,20-30,0.08966191112995148,0.00048041232370735193,<0.05%,2,1,1,0,sl_full,-100.1,-1.00099999998999
bt_20260511_143554,test,2023-08-22T17:00:00+00:00,2023-08-23T01:45:00+00:00,EURJPY,sell,eur_cross_sell,BIAS_NEUTRAL,0.681,0.65-0.70,17,ny,0.319091796875,<0.50,0.680908203125,0.65-0.70,21.577926635742188,20-30,0.0640399232506752,0.00040504069608057004,<0.05%,-2,1,1,0,sl_full,-100.0999,-1.00099999998999
bt_20260511_143554,test,2023-08-24T19:00:00+00:00,2023-08-24T20:00:00+00:00,EURUSD,sell,usd_short_sell,BIAS_NEUTRAL,0.729,0.70-0.75,19,off_session,0.271240234375,<0.50,0.728759765625,0.70-0.75,28.09041976928711,20-30,0.0004478750051930547,0.00041490115110975775,<0.05%,-2,1,1,0,sl_full,-100.1,-1.00099999998999
bt_20260511_143554,test,2023-08-30T12:30:00+00:00,2023-08-30T21:45:00+00:00,EURJPY,buy,eur_cross_buy,BIAS_NEUTRAL,0.75,0.75-0.80,12,off_session,0.74951171875,0.70-0.75,0.25048828125,<0.50,22.72804832458496,20-30,0.10489163547754288,0.0006571378474815475,0.05-0.10%,2,1,1,0,sl_full,-100.1004,-1.00099999998999
bt_20260511_143554,test,2023-09-04T18:45:00+00:00,2023-09-05T01:30:00+00:00,USDJPY,buy,usd_long_buy,BIAS_NEUTRAL,0.711,0.70-0.75,18,off_session,0.7109375,0.70-0.75,0.2890625,<0.50,33.21031951904297,30-40,0.03532925248146057,0.00024108240306375457,<0.05%,2,1,1,0,be_or_trail,262.692,2.6269258908122968
bt_20260511_143554,test,2023-09-26T05:00:00+00:00,2023-09-26T08:15:00+00:00,USDJPY,buy,usd_long_buy,BIAS_NEUTRAL,0.75,0.75-0.80,5,asian,0.75,0.75-0.80,0.25,<0.50,32.17178726196289,30-40,0.09925989806652069,0.0006662552566427194,0.05-0.10%,2,1,1,0,sl_full,-100.1002,-1.00099999998999
bt_20260511_143554,test,2023-09-26T05:15:00+00:00,2023-09-26T08:00:00+00:00,USDJPY,buy,usd_long_buy,BIAS_NEUTRAL,0.6776072136519083,0.65-0.70,5,asian,0.763671875,0.75-0.80,0.236328125,<0.50,28.714937210083008,20-30,0.09215857833623886,0.0006186019851767419,0.05-0.10%,2,1,1,1,sl_full,-100.1,-1.00099999998999
bt_20260511_143554,test,2023-09-26T08:30:00+00:00,2023-09-27T09:30:00+00:00,XAUUSD,sell,risk_off_sell,BIAS_NEUTRAL,0.878,0.80-0.90,8,london,0.12200927734375,<0.50,0.87799072265625,0.80-0.90,33.85222625732422,30-40,2.09162974357605,0.0010962458391074559,0.10-0.20%,-2,1,1,0,be_or_trail,397.4381,3.973676848641446
bt_20260511_143554,test,2023-10-04T02:15:00+00:00,2023-10-04T04:30:00+00:00,GBPJPY,sell,gbp_cross_sell,BIAS_NEUTRAL,0.763,0.75-0.80,2,asian,0.2374267578125,<0.50,0.7625732421875,0.75-0.80,29.503393173217773,20-30,0.11158819496631622,0.0006202582843427042,0.05-0.10%,-2,1,1,0,sl_full,-100.0994,-1.00099999998999
bt_20260511_143554,test,2023-10-13T05:45:00+00:00,2023-10-13T08:30:00+00:00,EURUSD,sell,usd_short_sell,BIAS_NEUTRAL,0.767,0.75-0.80,5,asian,0.2327880859375,<0.50,0.7672119140625,0.75-0.80,36.982975006103516,30-40,0.0007378915906883776,0.0007009321398844125,0.05-0.10%,-2,1,1,0,sl_full,-100.1,-1.0009999999899901
bt_20260511_143554,test,2023-10-13T09:30:00+00:00,2023-10-13T13:15:00+00:00,USDJPY,buy,usd_long_buy,BIAS_NEUTRAL,0.76,0.75-0.80,9,london,0.76025390625,0.75-0.80,0.23974609375,<0.50,34.38751983642578,30-40,0.07488089799880981,0.0005003035358789588,0.05-0.10%,0,1,1,0,sl_full,-100.1,-1.00099999998999
bt_20260511_143554,test,2023-10-23T10:00:00+00:00,2023-10-24T03:00:00+00:00,GBPJPY,buy,gbp_cross_buy,BIAS_NEUTRAL,0.706,0.70-0.75,10,london,0.70556640625,0.70-0.75,0.29443359375,<0.50,18.967836380004883,<20,0.18466515839099884,0.0010100068194120778,0.10-0.20%,2,1,1,0,be_or_trail,216.9126,2.169130952150375
bt_20260511_143554,test,2023-10-23T19:45:00+00:00,2023-10-23T21:00:00+00:00,EURJPY,buy,eur_cross_buy,BIAS_NEUTRAL,0.801,0.80-0.90,19,off_session,0.80078125,0.80-0.90,0.19921875,<0.50,20.613786697387695,20-30,0.053660597652196884,0.0003357208474593234,<0.05%,2,1,1,1,sl_full,-100.1001,-1.00099999998999
bt_20260511_143554,test,2023-10-27T13:15:00+00:00,2023-10-27T16:30:00+00:00,USDJPY,sell,usd_long_sell,BIAS_NEUTRAL,0.782,0.75-0.80,13,ny,0.218017578125,<0.50,0.781982421875,0.75-0.80,28.51198387145996,20-30,0.07953381538391113,0.000532001964238642,0.05-0.10%,-2,1,1,0,sl_full,-100.0997,-1.00099999998999
bt_20260511_143554,test,2023-11-07T13:15:00+00:00,2023-11-08T05:15:00+00:00,XAUUSD,buy,risk_off_buy,BIAS_NEUTRAL,0.749,0.70-0.75,13,ny,0.7490234375,0.70-0.75,0.2509765625,<0.50,21.442296981811523,20-30,2.2990920543670654,0.00116877334390121,0.10-0.20%,-2,1,1,0,sl_full,-100.0802,-1.0009999999899881
bt_20260511_143554,test,2023-11-10T14:45:00+00:00,2023-11-13T00:00:00+00:00,GBPUSD,sell,usd_short_sell,BIAS_NEUTRAL,0.714,0.70-0.75,14,ny,0.286376953125,<0.50,0.713623046875,0.70-0.75,27.939754486083984,20-30,0.0008034904021769762,0.0006577867011516736,0.05-0.10%,-2,1,1,0,sl_full,-100.1,-1.00099999998999
bt_20260511_143554,test,2023-11-15T07:00:00+00:00,2023-11-15T07:15:00+00:00,GBPUSD,buy,usd_short_buy,BIAS_NEUTRAL,0.728,0.70-0.75,7,london,0.7275390625,0.70-0.75,0.2724609375,<0.50,36.90700912475586,30-40,0.000840233638882637,0.0006735453173020443,0.05-0.10%,0,1,1,0,sl_full,-100.1,-1.0009999999899901
bt_20260511_143554,test,2023-11-15T19:45:00+00:00,2023-11-15T21:45:00+00:00,GBPUSD,sell,usd_short_sell,BIAS_NEUTRAL,0.7166317128674633,0.70-0.75,19,off_session,0.19189453125,<0.50,0.80810546875,0.80-0.90,22.38808250427246,20-30,0.00044072227319702506,0.00035497117621613976,<0.05%,0,1,1,0,be_or_trail,269.2952,2.6929521511113528
bt_20260511_143554,test,2023-11-20T09:45:00+00:00,2023-11-20T10:15:00+00:00,EURUSD,buy,usd_short_buy,BIAS_NEUTRAL,0.815,0.80-0.90,9,london,0.8154296875,0.80-0.90,0.1845703125,<0.50,34.64312744140625,30-40,0.0007865171646699309,0.0007187669141125921,0.05-0.10%,2,1,1,0,sl_full,-100.1,-1.0009999999899901
bt_20260511_143554,test,2023-11-20T11:00:00+00:00,2023-11-21T11:15:00+00:00,EURUSD,buy,usd_short_buy,BIAS_NEUTRAL,0.7201793946143319,0.70-0.75,11,london,0.8115234375,0.80-0.90,0.1884765625,<0.50,28.6727294921875,20-30,0.0007731748046353459,0.0007065544884718259,0.05-0.10%,2,1,1,0,sl_full,-100.1,-1.00099999998999
bt_20260511_143554,test,2023-11-20T19:00:00+00:00,2023-11-20T19:30:00+00:00,USDJPY,buy,usd_long_buy,BIAS_NEUTRAL,0.728,0.70-0.75,19,off_session,0.7275390625,0.70-0.75,0.2724609375,<0.50,23.389001846313477,20-30,0.06777373701334,0.00045670041258750576,<0.05%,-2,1,1,1,sl_full,-100.1006,-1.00099999998999
bt_20260511_143554,test,2023-11-21T08:15:00+00:00,2023-11-21T08:30:00+00:00,GBPUSD,buy,usd_short_buy,BIAS_NEUTRAL,0.854,0.80-0.90,8,london,0.853515625,0.80-0.90,0.146484375,<0.50,23.72914695739746,20-30,0.0009183413931168616,0.0007313026866711593,0.05-0.10%,2,1,1,1,sl_full,-100.1,-1.00099999998999
bt_20260511_143554,test,2023-11-30T02:45:00+00:00,2023-11-30T05:00:00+00:00,EURJPY,sell,eur_cross_sell,BIAS_NEUTRAL,0.735,0.70-0.75,2,asian,0.265380859375,<0.50,0.734619140625,0.70-0.75,21.735666275024414,20-30,0.12353379279375076,0.0007672201685832158,0.05-0.10%,-2,1,1,0,sl_full,-100.1003,-1.00099999998999
bt_20260511_143554,test,2023-12-06T04:00:00+00:00,2023-12-06T08:15:00+00:00,EURJPY,buy,eur_cross_buy,BIAS_NEUTRAL,0.742,0.70-0.75,4,asian,0.74169921875,0.70-0.75,0.25830078125,<0.50,48.64562225341797,40-60,0.15977716445922852,0.0010055153126106394,0.10-0.20%,-2,1,1,0,sl_full,-100.101,-1.0009999999899901
bt_20260511_143554,test,2023-12-06T19:00:00+00:00,2023-12-07T00:30:00+00:00,GBPJPY,sell,gbp_cross_sell,BIAS_NEUTRAL,0.77,0.75-0.80,19,off_session,0.2298583984375,<0.50,0.7701416015625,0.75-0.80,48.89435958862305,40-60,0.09224788099527359,0.0004994064181271641,<0.05%,-2,1,1,0,be_or_trail,313.5916,3.1359069717995864
bt_20260511_143554,test,2023-12-14T09:00:00+00:00,2023-12-14T13:15:00+00:00,XAUUSD,buy,risk_off_buy,BIAS_NEUTRAL,0.815,0.80-0.90,9,london,0.81494140625,0.80-0.90,0.18505859375,<0.50,22.330068588256836,20-30,3.6179676055908203,0.0017750601803731337,0.10-0.20%,2,1,1,0,sl_full,-100.0769,-1.0009999999899877
bt_20260511_143554,test,2023-12-20T12:00:00+00:00,2023-12-20T12:45:00+00:00,GBPUSD,sell,usd_short_sell,BIAS_NEUTRAL,0.739,0.70-0.75,12,off_session,0.260986328125,<0.50,0.739013671875,0.70-0.75,22.490474700927734,20-30,0.0009548357920721173,0.0007546814436354532,0.05-0.10%,-2,1,1,0,sl_full,-100.1,-1.0009999999899901
bt_20260511_143554,test,2023-12-27T19:30:00+00:00,2023-12-28T00:00:00+00:00,EURUSD,buy,usd_short_buy,BIAS_NEUTRAL,0.676,0.65-0.70,19,off_session,0.67626953125,0.65-0.70,0.32373046875,<0.50,21.937002182006836,20-30,0.0003437244740780443,0.0003091903819385624,<0.05%,2,1,1,0,sl_full,-100.1,-1.00099999998999
bt_20260511_143554,test,2023-12-28T08:45:00+00:00,2023-12-28T10:45:00+00:00,EURJPY,sell,eur_cross_sell,BIAS_NEUTRAL,0.761,0.75-0.80,8,london,0.23876953125,<0.50,0.76123046875,0.75-0.80,24.79338264465332,20-30,0.13467882573604584,0.0008619680019560843,0.05-0.10%,-2,1,1,0,sl_full,-100.0997,-1.00099999998999
bt_20260511_143554,test,2024-01-02T16:00:00+00:00,2024-01-02T19:30:00+00:00,EURUSD,sell,usd_short_sell,BIAS_NEUTRAL,0.738,0.70-0.75,16,ny,0.262451171875,<0.50,0.737548828125,0.70-0.75,38.928466796875,30-40,0.0005390665028244257,0.0004927882641498492,<0.05%,-2,1,1,0,sl_full,-100.1,-1.00099999998999
bt_20260511_143554,test,2024-01-04T18:15:00+00:00,2024-01-05T01:30:00+00:00,USDJPY,buy,usd_long_buy,BIAS_NEUTRAL,0.69,0.65-0.70,18,off_session,0.68994140625,0.65-0.70,0.31005859375,<0.50,22.269596099853516,20-30,0.0651320368051529,0.0004499873140096982,<0.05%,2,1,1,0,tp2,308.6428,3.0864117724490927
bt_20260511_143554,test,2024-01-10T06:00:00+00:00,2024-01-10T10:45:00+00:00,GBPJPY,buy,gbp_cross_buy,BIAS_NEUTRAL,0.751,0.75-0.80,6,asian,0.7509765625,0.75-0.80,0.2490234375,<0.50,35.04736328125,30-40,0.12569762766361237,0.0006810372740393377,0.05-0.10%,2,1,1,0,be_or_trail,288.8858,2.8888715382159447
bt_20260511_143554,test,2024-01-16T15:00:00+00:00,2024-01-16T22:30:00+00:00,GBPUSD,buy,usd_short_buy,BIAS_NEUTRAL,0.703,0.70-0.75,15,ny,0.70263671875,0.70-0.75,0.29736328125,<0.50,20.27251625061035,20-30,0.0009561871993355453,0.0007567088968976619,0.05-0.10%,-2,1,1,0,sl_full,-100.1,-1.00099999998999
bt_20260511_143554,test,2024-01-17T10:00:00+00:00,2024-01-19T02:00:00+00:00,GBPJPY,buy,gbp_cross_buy,BIAS_NEUTRAL,0.758,0.75-0.80,10,london,0.7578125,0.75-0.80,0.2421875,<0.50,30.929224014282227,30-40,0.1921883225440979,0.0010242968627211704,0.10-0.20%,2,1,1,0,be_or_trail,277.9515,2.779478088700892
bt_20260511_143554,test,2024-02-01T02:00:00+00:00,2024-02-01T06:30:00+00:00,EURJPY,sell,eur_cross_sell,BIAS_NEUTRAL,0.683,0.65-0.70,2,asian,0.317138671875,<0.50,0.682861328125,0.65-0.70,36.10448455810547,30-40,0.09949526935815811,0.0006278718138693868,0.05-0.10%,-2,1,1,0,sl_full,-100.0995,-1.00099999998999
bt_20260511_143554,test,2024-02-04T19:15:00+00:00,2024-02-05T05:30:00+00:00,XAUUSD,sell,risk_off_sell,BIAS_NEUTRAL,0.708,0.70-0.75,19,off_session,0.29248046875,<0.50,0.70751953125,0.70-0.75,31.811620712280273,30-40,2.101630687713623,0.0010329667257476683,0.10-0.20%,-2,1,1,0,be_or_trail,230.1021,2.3011030913492534
bt_20260511_143554,test,2024-02-05T07:45:00+00:00,2024-02-05T08:30:00+00:00,USDJPY,buy,usd_long_buy,BIAS_NEUTRAL,0.754,0.75-0.80,7,london,0.75439453125,0.75-0.80,0.24560546875,<0.50,21.13324546813965,20-30,0.08957245945930481,0.0006025496511584552,0.05-0.10%,2,1,1,0,sl_full,-100.0993,-1.00099999998999
bt_20260511_143554,test,2024-02-13T02:15:00+00:00,2024-02-13T05:30:00+00:00,USDJPY,buy,usd_long_buy,BIAS_NEUTRAL,0.82,0.80-0.90,2,asian,0.81982421875,0.80-0.90,0.18017578125,<0.50,37.303749084472656,30-40,0.06821472942829132,0.0004558530692240863,<0.05%,2,1,1,0,sl_full,-100.1006,-1.00099999998999
bt_20260511_143554,test,2024-03-13T18:30:00+00:00,2024-03-13T19:00:00+00:00,EURUSD,buy,usd_short_buy,BIAS_NEUTRAL,0.716,0.70-0.75,18,off_session,0.7158203125,0.70-0.75,0.2841796875,<0.50,30.879228591918945,30-40,0.00019912941206712276,0.0001817788067423703,<0.05%,2,1,1,0,sl_full,-100.1,-1.0009999999899901
bt_20260511_143554,test,2024-03-18T02:45:00+00:00,2024-03-18T09:30:00+00:00,USDJPY,sell,usd_long_sell,BIAS_NEUTRAL,0.715,0.70-0.75,2,asian,0.28515625,<0.50,0.71484375,0.70-0.75,26.291154861450195,20-30,0.08538047969341278,0.0005726729162567404,0.05-0.10%,2,1,1,0,sl_full,-100.0996,-1.00099999998999
bt_20260511_143554,test,2024-03-22T06:45:00+00:00,2024-03-22T07:15:00+00:00,EURUSD,sell,usd_short_sell,BIAS_NEUTRAL,0.743,0.70-0.75,6,asian,0.25732421875,<0.50,0.74267578125,0.70-0.75,17.60511589050293,<20,0.0005030102911405265,0.00046515418310288166,<0.05%,-2,1,1,0,sl_full,-100.1,-1.00099999998999
bt_20260511_143554,test,2024-03-25T03:45:00+00:00,2024-03-25T06:30:00+00:00,EURUSD,sell,usd_short_sell,BIAS_NEUTRAL,0.7299355194182205,0.70-0.75,3,asian,0.1766357421875,<0.50,0.8233642578125,0.80-0.90,41.95228958129883,40-60,0.0006386442692019045,0.0005907061058849197,0.05-0.10%,-2,1,1,0,sl_full,-100.1,-1.00099999998999
bt_20260511_143554,test,2024-03-27T06:45:00+00:00,2024-03-27T09:30:00+00:00,GBPUSD,sell,usd_short_sell,BIAS_NEUTRAL,0.813,0.80-0.90,6,asian,0.1871337890625,<0.50,0.8128662109375,0.80-0.90,22.26958465576172,20-30,0.0008376467158086598,0.0006641253679273403,0.05-0.10%,0,1,1,0,sl_full,-100.1,-1.00099999998999
bt_20260511_143554,test,2024-04-02T08:45:00+00:00,2024-04-02T10:00:00+00:00,GBPUSD,sell,usd_short_sell,BIAS_NEUTRAL,0.725,0.70-0.75,8,london,0.274658203125,<0.50,0.725341796875,0.70-0.75,33.28265380859375,30-40,0.000722308293916285,0.0005753615335971154,0.05-0.10%,0,1,1,0,sl_full,-100.1,-1.0009999999899901
bt_20260511_143554,test,2024-04-03T03:45:00+00:00,2024-04-03T10:15:00+00:00,EURUSD,buy,usd_short_buy,BIAS_NEUTRAL,0.776,0.75-0.80,3,asian,0.77587890625,0.75-0.80,0.22412109375,<0.50,45.366249084472656,40-60,0.00037042025360278785,0.0003438524908938728,<0.05%,2,1,1,0,tp2,377.115,3.77114987827934
bt_20260511_143554,test,2024-04-04T08:45:00+00:00,2024-04-04T12:30:00+00:00,EURUSD,buy,usd_short_buy,BIAS_NEUTRAL,0.709,0.70-0.75,8,london,0.708984375,0.70-0.75,0.291015625,<0.50,30.98845863342285,30-40,0.000551514036487788,0.0005072900148621502,0.05-0.10%,2,1,1,0,sl_full,-100.1,-1.00099999998999
bt_20260511_143554,test,2024-04-04T10:30:00+00:00,2024-04-04T11:15:00+00:00,EURJPY,buy,eur_cross_buy,BIAS_NEUTRAL,0.771,0.75-0.80,10,london,0.77099609375,0.75-0.80,0.22900390625,<0.50,27.536279678344727,20-30,0.07786333560943604,0.00047212511442562533,<0.05%,2,1,1,1,sl_full,-100.1002,-1.00099999998999
bt_20260511_143554,test,2024-04-09T07:45:00+00:00,2024-04-09T08:00:00+00:00,EURUSD,sell,usd_short_sell,BIAS_NEUTRAL,0.871,0.80-0.90,7,london,0.1292724609375,<0.50,0.8707275390625,0.80-0.90,38.330177307128906,30-40,0.0004408448585309088,0.00040596701442096087,<0.05%,2,1,1,0,sl_full,-100.1,-1.00099999998999
bt_20260511_143554,test,2024-04-11T02:00:00+00:00,2024-04-11T03:00:00+00:00,EURUSD,sell,usd_short_sell,BIAS_NEUTRAL,0.809,0.80-0.90,2,asian,0.1910400390625,<0.50,0.8089599609375,0.80-0.90,22.709753036499023,20-30,0.00029122852720320225,0.0002712925911430549,<0.05%,-2,1,1,0,sl_full,-100.1,-1.00099999998999
bt_20260511_143554,test,2024-04-16T02:15:00+00:00,2024-04-16T02:45:00+00:00,GBPUSD,sell,usd_short_sell,BIAS_NEUTRAL,0.749,0.70-0.75,2,asian,0.250732421875,<0.50,0.749267578125,0.70-0.75,40.06277084350586,40-60,0.0007237223908305168,0.0005830302058068534,0.05-0.10%,-2,1,1,0,sl_full,-100.1,-1.00099999998999
bt_20260511_143554,test,2024-04-16T09:15:00+00:00,2024-04-16T09:30:00+00:00,USDJPY,buy,usd_long_buy,BIAS_UP,0.742,0.70-0.75,9,london,0.74169921875,0.70-0.75,0.25830078125,<0.50,45.725337982177734,40-60,0.07467523962259293,0.00048252617042699174,<0.05%,2,1,1,0,sl_full,-100.0994,-1.00099999998999
bt_20260511_143554,test,2024-04-18T07:00:00+00:00,2024-04-18T08:15:00+00:00,EURUSD,buy,usd_short_buy,BIAS_NEUTRAL,0.867,0.80-0.90,7,london,0.8671875,0.80-0.90,0.1328125,<0.50,26.55750846862793,20-30,0.00046572473365813494,0.00043618906359493137,<0.05%,2,1,1,0,sl_full,-100.1,-1.00099999998999
bt_20260511_143554,test,2024-04-25T13:30:00+00:00,2024-04-25T23:15:00+00:00,USDJPY,buy,usd_long_buy,BIAS_NEUTRAL,0.755,0.75-0.80,13,ny,0.7548828125,0.75-0.80,0.2451171875,<0.50,23.102632522583008,20-30,0.06640148162841797,0.00042672249667254146,<0.05%,2,1,1,0,sl_full,-100.1003,-1.0009999999899901
bt_20260511_143554,test,2024-05-03T03:45:00+00:00,2024-05-03T08:45:00+00:00,EURUSD,buy,usd_short_buy,BIAS_NEUTRAL,0.722,0.70-0.75,3,asian,0.72216796875,0.70-0.75,0.27783203125,<0.50,29.807729721069336,20-30,0.00040334698860533535,0.00037567303451759655,<0.05%,2,1,1,0,tp2,326.5983,3.2659835397070642
bt_20260511_143554,test,2024-05-14T06:45:00+00:00,2024-05-14T08:30:00+00:00,EURJPY,buy,eur_cross_buy,BIAS_NEUTRAL,0.881,0.80-0.90,6,asian,0.880859375,0.80-0.90,0.119140625,<0.50,29.05733299255371,20-30,0.08670691400766373,0.0005133114549907674,0.05-0.10%,2,1,1,0,sl_full,-100.0995,-1.00099999998999
bt_20260511_143554,test,2024-05-14T08:45:00+00:00,2024-05-14T09:00:00+00:00,USDJPY,buy,usd_long_buy,BIAS_NEUTRAL,0.837,0.80-0.90,8,london,0.8369140625,0.80-0.90,0.1630859375,<0.50,32.000423431396484,30-40,0.08591726422309875,0.0005485984098127328,0.05-0.10%,2,1,1,0,sl_full,-100.0999,-1.00099999998999
bt_20260511_143554,test,2024-05-20T19:15:00+00:00,2024-05-21T02:00:00+00:00,USDJPY,buy,usd_long_buy,BIAS_NEUTRAL,0.803,0.80-0.90,19,off_session,0.80322265625,0.80-0.90,0.19677734375,<0.50,34.76099395751953,30-40,0.03878992050886154,0.00024808360147252816,<0.05%,2,1,1,0,sl_full,-100.1,-1.00099999998999
bt_20260511_143554,test,2024-05-27T02:15:00+00:00,2024-05-27T02:45:00+00:00,EURUSD,sell,usd_short_sell,BIAS_NEUTRAL,0.666,0.65-0.70,2,asian,0.333984375,<0.50,0.666015625,0.65-0.70,23.333221435546875,20-30,0.00021808812743984163,0.00020109128846492112,<0.05%,2,1,1,0,sl_full,-100.1,-1.00099999998999
bt_20260511_143554,test,2024-05-27T03:30:00+00:00,2024-05-27T04:00:00+00:00,EURJPY,buy,eur_cross_buy,BIAS_NEUTRAL,0.795,0.75-0.80,3,asian,0.79541015625,0.75-0.80,0.20458984375,<0.50,31.034645080566406,30-40,0.06531436741352081,0.0003834666586705573,<0.05%,2,1,1,0,sl_full,-100.0995,-1.00099999998999
bt_20260511_143554,test,2024-05-29T14:45:00+00:00,2024-05-30T04:45:00+00:00,EURUSD,sell,usd_short_sell,BIAS_NEUTRAL,0.828,0.80-0.90,14,ny,0.1715087890625,<0.50,0.8284912109375,0.80-0.90,50.70994567871094,40-60,0.0004858329484704882,0.0004496895968159991,<0.05%,-2,1,1,0,sl_full,-100.1,-1.00099999998999
bt_20260511_143554,test,2024-05-29T18:45:00+00:00,2024-05-29T21:15:00+00:00,GBPUSD,sell,usd_short_sell,BIAS_NEUTRAL,0.785,0.75-0.80,18,off_session,0.2147216796875,<0.50,0.7852783203125,0.75-0.80,30.9908447265625,30-40,0.0003351073828525841,0.0002639792341325146,<0.05%,-2,1,1,1,sl_full,-100.1,-1.00099999998999
bt_20260511_143554,test,2024-05-30T07:00:00+00:00,2024-05-30T11:15:00+00:00,GBPJPY,sell,gbp_cross_sell,BIAS_NEUTRAL,0.851,0.80-0.90,7,london,0.1492919921875,<0.50,0.8507080078125,0.80-0.90,30.5714111328125,30-40,0.13978086411952972,0.0007010104785400028,0.05-0.10%,-2,1,1,0,sl_full,-100.1008,-1.00099999998999
bt_20260511_143554,test,2024-05-30T07:45:00+00:00,2024-05-30T09:30:00+00:00,EURJPY,sell,eur_cross_sell,BIAS_NEUTRAL,0.906,0.90-1.00,7,london,0.094482421875,<0.50,0.905517578125,0.90-1.00,24.52812957763672,20-30,0.1160903349518776,0.0006848216312724957,0.05-0.10%,-2,1,1,1,sl_full,-100.0994,-1.00099999998999
bt_20260511_143554,test,2024-06-20T08:45:00+00:00,2024-06-21T09:45:00+00:00,USDJPY,buy,usd_long_buy,BIAS_NEUTRAL,0.792,0.75-0.80,8,london,0.79248046875,0.75-0.80,0.20751953125,<0.50,22.122751235961914,20-30,0.08946596831083298,0.0005641810200462353,0.05-0.10%,2,1,1,0,be_or_trail,279.2486,2.7925040633895586
bt_20260511_143554,test,2024-06-25T06:00:00+00:00,2024-06-25T13:45:00+00:00,EURJPY,sell,eur_cross_sell,BIAS_NEUTRAL,0.738,0.70-0.75,6,asian,0.262451171875,<0.50,0.737548828125,0.70-0.75,28.21497917175293,20-30,0.1059146597981453,0.0006197833514962767,0.05-0.10%,0,1,1,0,sl_full,-100.0996,-1.00099999998999
bt_20260511_143554,test,2024-06-26T03:15:00+00:00,2024-06-26T08:45:00+00:00,USDJPY,buy,usd_long_buy,BIAS_NEUTRAL,0.783,0.75-0.80,3,asian,0.78271484375,0.75-0.80,0.21728515625,<0.50,36.84909439086914,30-40,0.04756265506148338,0.0002973613948054438,<0.05%,2,1,1,0,be_or_trail,308.7554,3.087546650562032
bt_20260511_143554,test,2024-06-26T06:15:00+00:00,2024-06-26T08:00:00+00:00,XAUUSD,sell,risk_off_sell,BIAS_NEUTRAL,0.765,0.75-0.80,6,asian,0.2352294921875,<0.50,0.7647705078125,0.75-0.80,25.21441650390625,20-30,2.995054006576538,0.0012978167249694018,0.10-0.20%,-2,1,1,1,sl_full,-100.1022,-1.0009999999899901
bt_20260511_143554,test,2024-07-03T16:45:00+00:00,2024-07-04T02:30:00+00:00,XAUUSD,buy,risk_off_buy,BIAS_NEUTRAL,0.649,0.60-0.65,16,ny,0.64892578125,0.60-0.65,0.35107421875,<0.50,19.376554489135742,<20,1.6654785871505737,0.0007068385996292384,0.05-0.10%,2,1,1,0,sl_full,-100.0955,-1.0009999999899895
bt_20260511_143554,test,2024-07-08T04:00:00+00:00,2024-07-08T14:30:00+00:00,GBPUSD,buy,usd_short_buy,BIAS_NEUTRAL,0.723,0.70-0.75,4,asian,0.72265625,0.70-0.75,0.27734375,<0.50,27.635814666748047,20-30,0.0005293116555549204,0.0004128454710881319,<0.05%,2,1,1,0,sl_full,-100.1,-1.00099999998999
bt_20260511_143554,test,2024-07-08T07:30:00+00:00,2024-07-08T08:30:00+00:00,GBPJPY,buy,gbp_cross_buy,BIAS_NEUTRAL,0.742,0.70-0.75,7,london,0.74169921875,0.70-0.75,0.25830078125,<0.50,41.968990325927734,40-60,0.1345519721508026,0.0006512323308305193,0.05-0.10%,2,1,1,1,sl_full,-100.0994,-1.00099999998999
bt_20260511_143554,test,2024-07-10T05:15:00+00:00,2024-07-11T08:30:00+00:00,EURJPY,buy,eur_cross_buy,BIAS_NEUTRAL,0.77,0.75-0.80,5,asian,0.76953125,0.75-0.80,0.23046875,<0.50,30.303709030151367,30-40,0.095955491065979,0.0005487247974656815,0.05-0.10%,2,1,1,0,be_or_trail,143.2537,1.4325387030599972
bt_20260511_143554,test,2024-07-10T09:30:00+00:00,2024-07-11T08:30:00+00:00,GBPJPY,buy,gbp_cross_buy,BIAS_NEUTRAL,0.748,0.70-0.75,9,london,0.748046875,0.70-0.75,0.251953125,<0.50,27.889606475830078,20-30,0.13118413090705872,0.0006326991530637838,0.05-0.10%,2,1,1,1,be_or_trail,247.416,2.4741712276823353
bt_20260511_143554,test,2024-07-12T13:45:00+00:00,2024-07-15T00:00:00+00:00,EURUSD,buy,usd_short_buy,BIAS_NEUTRAL,0.772,0.75-0.80,13,ny,0.77197265625,0.75-0.80,0.22802734375,<0.50,22.081501007080078,20-30,0.00042428314918652177,0.000388944435652048,<0.05%,2,1,1,0,sl_full,-100.1,-1.0009999999899901
bt_20260511_143554,test,2024-07-19T02:45:00+00:00,2024-07-19T03:30:00+00:00,USDJPY,sell,usd_long_sell,BIAS_NEUTRAL,0.682,0.65-0.70,2,asian,0.318359375,<0.50,0.681640625,0.65-0.70,45.36342239379883,40-60,0.18095479905605316,0.0011508883573456202,0.10-0.20%,2,1,1,0,sl_full,-100.1004,-1.0009999999899901
bt_20260511_143554,test,2024-07-19T13:00:00+00:00,2024-07-22T00:00:00+00:00,EURUSD,sell,usd_short_sell,BIAS_NEUTRAL,0.772,0.75-0.80,13,ny,0.228271484375,<0.50,0.771728515625,0.75-0.80,34.075687408447266,30-40,0.0004036360187456012,0.00037098148635376964,<0.05%,-2,1,1,0,sl_full,-100.1,-1.00099999998999
bt_20260511_143554,test,2024-07-23T03:30:00+00:00,2024-07-23T22:45:00+00:00,GBPJPY,sell,gbp_cross_sell,BIAS_NEUTRAL,0.889,0.80-0.90,3,asian,0.11126708984375,<0.50,0.88873291015625,0.80-0.90,51.60439682006836,40-60,0.20124299824237823,0.0009970490099876833,0.05-0.10%,-2,1,1,0,be_or_trail,402.2463,4.022495515299671
bt_20260511_143554,test,2024-07-23T08:45:00+00:00,2024-07-23T21:30:00+00:00,EURJPY,sell,eur_cross_sell,BIAS_NEUTRAL,0.799,0.75-0.80,8,london,0.200927734375,<0.50,0.799072265625,0.75-0.80,38.01193618774414,30-40,0.15971313416957855,0.000943111009070999,0.05-0.10%,-2,1,1,1,be_or_trail,272.5837,2.7258597132590547
bt_20260511_143554,test,2024-07-23T12:30:00+00:00,2024-07-23T22:45:00+00:00,GBPJPY,sell,gbp_cross_sell,BIAS_NEUTRAL,0.7467870077158466,0.70-0.75,12,off_session,0.1578369140625,<0.50,0.8421630859375,0.80-0.90,30.02956199645996,30-40,0.16574962437152863,0.000824351144142193,0.05-0.10%,-2,1,1,2,be_or_trail,255.3339,2.553305217461472
bt_20260511_143554,test,2024-08-02T03:00:00+00:00,2024-08-02T04:30:00+00:00,GBPUSD,sell,usd_short_sell,BIAS_NEUTRAL,0.837,0.80-0.90,3,asian,0.1630859375,<0.50,0.8369140625,0.80-0.90,38.01948547363281,30-40,0.0007346644415520132,0.0005778407683774474,0.05-0.10%,-2,1,1,0,sl_full,-100.1,-1.00099999998999
bt_20260511_143554,test,2024-08-02T03:15:00+00:00,2024-08-02T04:00:00+00:00,GBPUSD,sell,usd_short_sell,BIAS_NEUTRAL,0.7432393259689779,0.70-0.75,3,asian,0.162109375,<0.50,0.837890625,0.80-0.90,39.197914123535156,30-40,0.0007673758664168417,0.0006037689668544816,0.05-0.10%,-2,1,1,1,sl_full,-100.1,-1.00099999998999
bt_20260511_143554,test,2024-08-06T19:45:00+00:00,2024-08-06T20:15:00+00:00,GBPUSD,sell,usd_short_sell,BIAS_NEUTRAL,0.756,0.75-0.80,19,off_session,0.24365234375,<0.50,0.75634765625,0.75-0.80,17.723112106323242,<20,0.0005165215698070824,0.00040730128612495814,<0.05%,-2,1,1,0,sl_full,-100.1,-1.00099999998999
bt_20260511_143554,test,2024-08-12T03:00:00+00:00,2024-08-12T08:00:00+00:00,GBPUSD,sell,usd_short_sell,BIAS_NEUTRAL,0.795,0.75-0.80,3,asian,0.2054443359375,<0.50,0.7945556640625,0.75-0.80,34.57115173339844,30-40,0.0005710632540285587,0.0004474277742961697,<0.05%,2,1,1,0,sl_full,-100.1,-1.00099999998999
bt_20260511_143554,test,2024-08-19T10:00:00+00:00,2024-08-20T10:00:00+00:00,EURUSD,buy,usd_short_buy,BIAS_NEUTRAL,0.819,0.80-0.90,10,london,0.8193359375,0.80-0.90,0.1806640625,<0.50,23.357681274414062,20-30,0.0006430186331272125,0.0005816272909410896,0.05-0.10%,2,1,1,0,be_or_trail,320.4618,3.204618296955718
bt_20260511_143554,test,2024-08-19T10:15:00+00:00,2024-08-20T11:00:00+00:00,GBPUSD,buy,usd_short_buy,BIAS_NEUTRAL,0.732,0.70-0.75,10,london,0.73193359375,0.70-0.75,0.26806640625,<0.50,34.26005935668945,30-40,0.001005759695544839,0.0007747041752704325,0.05-0.10%,2,1,1,1,be_or_trail,233.1978,2.33197799763269
bt_20260511_143554,test,2024-09-05T03:15:00+00:00,2024-09-05T08:30:00+00:00,EURJPY,buy,eur_cross_buy,BIAS_NEUTRAL,0.704,0.70-0.75,3,asian,0.70361328125,0.70-0.75,0.29638671875,<0.50,38.29689407348633,30-40,0.19255399703979492,0.0012101955633536038,0.10-0.20%,-2,2,1,0,sl_full,-100.1001,-1.00099999998999
bt_20260511_143554,test,2024-09-05T03:15:00+00:00,2024-09-05T08:15:00+00:00,USDJPY,buy,usd_long_buy,BIAS_NEUTRAL,0.739,0.70-0.75,3,asian,0.7392578125,0.70-0.75,0.2607421875,<0.50,38.79811477661133,30-40,0.17677892744541168,0.0012313279126395455,0.10-0.20%,-2,2,1,1,sl_full,-100.1002,-1.00099999998999
bt_20260511_143554,test,2024-09-05T03:30:00+00:00,2024-09-05T08:00:00+00:00,USDJPY,buy,usd_long_buy,BIAS_NEUTRAL,0.6917979406393828,0.65-0.70,3,asian,0.7802734375,0.75-0.80,0.2197265625,<0.50,37.297428131103516,30-40,0.17907506227493286,0.0012463402085952258,0.10-0.20%,-2,1,1,2,sl_full,-100.0994,-1.00099999998999
bt_20260511_143554,test,2024-09-05T14:00:00+00:00,2024-09-05T14:45:00+00:00,GBPUSD,buy,usd_short_buy,BIAS_NEUTRAL,0.82,0.80-0.90,14,ny,0.81982421875,0.80-0.90,0.18017578125,<0.50,21.28672218322754,20-30,0.0008072172058746219,0.0006121988222512099,0.05-0.10%,2,1,1,0,sl_full,-100.1,-1.00099999998999
bt_20260511_143554,test,2024-09-10T19:15:00+00:00,2024-09-10T21:00:00+00:00,XAUUSD,buy,risk_off_buy,BIAS_NEUTRAL,0.794,0.75-0.80,19,off_session,0.7939453125,0.75-0.80,0.2060546875,<0.50,22.490991592407227,20-30,1.108457326889038,0.0004402276392996954,<0.05%,2,1,1,0,sl_full,-100.1018,-1.0009999999899901
bt_20260511_143554,test,2024-09-11T09:45:00+00:00,2024-09-11T13:00:00+00:00,GBPJPY,sell,gbp_cross_sell,BIAS_NEUTRAL,0.781,0.75-0.80,9,london,0.2186279296875,<0.50,0.7813720703125,0.75-0.80,38.543678283691406,30-40,0.3419751524925232,0.00185063474507117,0.10-0.20%,-2,1,1,0,sl_full,-100.0989,-1.00099999998999
bt_20260511_143554,test,2024-09-13T03:30:00+00:00,2024-09-13T08:00:00+00:00,EURUSD,buy,usd_short_buy,BIAS_NEUTRAL,0.815,0.80-0.90,3,asian,0.81494140625,0.80-0.90,0.18505859375,<0.50,28.847579956054688,20-30,0.00048420645180158317,0.00043665002434961766,<0.05%,2,1,1,0,sl_full,-100.1,-1.00099999998999
bt_20260511_143554,test,2024-09-13T03:45:00+00:00,2024-09-13T07:30:00+00:00,EURUSD,buy,usd_short_buy,BIAS_NEUTRAL,0.7157447924307462,0.70-0.75,3,asian,0.80712890625,0.80-0.90,0.19287109375,<0.50,32.1237678527832,30-40,0.0005503122811205685,0.0004960172417987894,<0.05%,2,1,1,1,sl_full,-100.1,-1.00099999998999
bt_20260511_143554,test,2024-09-13T04:00:00+00:00,2024-09-13T07:30:00+00:00,USDJPY,sell,usd_long_sell,BIAS_NEUTRAL,0.747,0.70-0.75,4,asian,0.25341796875,<0.50,0.74658203125,0.70-0.75,27.81201171875,20-30,0.23505470156669617,0.0016729884619464278,0.10-0.20%,-2,1,1,2,sl_full,-100.099,-1.00099999998999
bt_20260511_143554,test,2024-09-13T08:45:00+00:00,2024-09-17T08:30:00+00:00,XAUUSD,buy,risk_off_buy,BIAS_NEUTRAL,0.706,0.70-0.75,8,london,0.70556640625,0.70-0.75,0.29443359375,<0.50,21.392541885375977,20-30,3.1201725006103516,0.0012111440089190792,0.10-0.20%,2,1,1,0,sl_full,-100.0812,-1.0009999999899881
bt_20260511_143554,test,2024-09-13T11:15:00+00:00,2024-09-13T12:30:00+00:00,EURJPY,sell,eur_cross_sell,BIAS_NEUTRAL,0.815,0.80-0.90,11,london,0.1845703125,<0.50,0.8154296875,0.80-0.90,32.586917877197266,30-40,0.2364283949136734,0.0015188490908802801,0.10-0.20%,-2,1,1,1,sl_full,-100.0984,-1.0009999999899897
bt_20260511_143554,test,2024-09-20T06:45:00+00:00,2024-09-20T09:30:00+00:00,XAUUSD,buy,risk_off_buy,BIAS_NEUTRAL,0.746,0.70-0.75,6,asian,0.74560546875,0.70-0.75,0.25439453125,<0.50,40.98942947387695,40-60,2.99403977394104,0.001145549493277271,0.10-0.20%,2,1,1,0,sl_full,-100.1044,-1.0009999999899903
bt_20260511_143554,test,2024-10-02T02:30:00+00:00,2024-10-02T11:30:00+00:00,EURJPY,buy,eur_cross_buy,BIAS_NEUTRAL,0.871,0.80-0.90,2,asian,0.87060546875,0.80-0.90,0.12939453125,<0.50,35.30970764160156,30-40,0.21737322211265564,0.0013638002481459514,0.10-0.20%,0,2,1,0,tp2,470.5232,4.705289505801106
bt_20260511_143554,test,2024-10-02T02:30:00+00:00,2024-10-02T11:15:00+00:00,GBPJPY,buy,gbp_cross_buy,BIAS_NEUTRAL,0.846,0.80-0.90,2,asian,0.845703125,0.80-0.90,0.154296875,<0.50,36.68534469604492,30-40,0.28461065888404846,0.0014876838601182547,0.10-0.20%,-2,2,1,1,tp2,445.5485,4.455586657129636
bt_20260511_143554,test,2024-10-03T02:45:00+00:00,2024-10-03T03:15:00+00:00,EURJPY,buy,eur_cross_buy,BIAS_NEUTRAL,0.88,0.80-0.90,2,asian,0.8798828125,0.80-0.90,0.1201171875,<0.50,29.686050415039062,20-30,0.16855677962303162,0.0010405613939867243,0.10-0.20%,2,1,1,0,sl_full,-100.1002,-1.00099999998999
bt_20260511_143554,test,2024-10-16T09:30:00+00:00,2024-10-16T10:15:00+00:00,GBPUSD,buy,usd_short_buy,BIAS_NEUTRAL,0.765,0.75-0.80,9,london,0.7646484375,0.75-0.80,0.2353515625,<0.50,22.33762550354004,20-30,0.0009421682334505022,0.0007230534061863765,0.05-0.10%,-2,1,1,0,sl_full,-100.1,-1.00099999998999
bt_20260511_143554,test,2024-10-22T03:30:00+00:00,2024-10-22T05:30:00+00:00,EURJPY,buy,eur_cross_buy,BIAS_NEUTRAL,0.77,0.75-0.80,3,asian,0.76953125,0.75-0.80,0.23046875,<0.50,33.741737365722656,30-40,0.16382962465286255,0.0010012461589267042,0.10-0.20%,2,2,1,0,sl_full,-100.0989,-1.00099999998999
bt_20260511_143554,test,2024-10-22T03:30:00+00:00,2024-10-22T04:00:00+00:00,GBPJPY,buy,gbp_cross_buy,BIAS_NEUTRAL,0.75,0.75-0.80,3,asian,0.74951171875,0.70-0.75,0.25048828125,<0.50,32.251747131347656,30-40,0.19143369793891907,0.000974315060983672,0.05-0.10%,2,2,1,1,sl_full,-100.1012,-1.0009999999899901
bt_20260511_143554,test,2024-10-28T04:00:00+00:00,2024-10-28T13:15:00+00:00,USDJPY,sell,usd_long_sell,BIAS_NEUTRAL,0.753,0.75-0.80,4,asian,0.24658203125,<0.50,0.75341796875,0.75-0.80,23.918792724609375,20-30,0.15383589267730713,0.001004797577211256,0.10-0.20%,2,1,1,0,sl_full,-100.0989,-1.00099999998999
bt_20260511_143554,test,2024-10-30T04:30:00+00:00,2024-10-30T08:00:00+00:00,GBPUSD,sell,usd_short_sell,BIAS_NEUTRAL,0.723,0.70-0.75,4,asian,0.276611328125,<0.50,0.723388671875,0.70-0.75,37.372642517089844,30-40,0.0008821985102258623,0.0006788648964431962,0.05-0.10%,2,1,1,0,be_or_trail,230.1423,2.301422469213069
bt_20260511_143554,test,2024-11-08T03:00:00+00:00,2024-11-08T13:00:00+00:00,EURJPY,sell,eur_cross_sell,BIAS_NEUTRAL,0.707,0.70-0.75,3,asian,0.293212890625,<0.50,0.706787109375,0.70-0.75,31.37938117980957,30-40,0.18429625034332275,0.0011217662154107807,0.10-0.20%,-2,1,1,0,be_or_trail,240.4136,2.4041444457562555
bt_20260511_143554,test,2024-11-11T06:00:00+00:00,2024-11-12T02:30:00+00:00,GBPUSD,sell,usd_short_sell,BIAS_NEUTRAL,0.732,0.70-0.75,6,asian,0.268310546875,<0.50,0.731689453125,0.70-0.75,23.15900230407715,20-30,0.001071138889528811,0.000831686395909667,0.05-0.10%,-2,1,1,0,tp2,335.9135,3.3591348033113366
bt_20260511_143554,test,2024-11-20T07:00:00+00:00,2024-11-20T08:00:00+00:00,GBPJPY,buy,gbp_cross_buy,BIAS_NEUTRAL,0.758,0.75-0.80,7,london,0.7578125,0.75-0.80,0.2421875,<0.50,20.707752227783203,20-30,0.1489090770483017,0.0007542240559463264,0.05-0.10%,2,1,1,0,sl_full,-100.101,-1.0009999999899901
bt_20260511_143554,test,2024-11-21T16:15:00+00:00,2024-11-22T04:15:00+00:00,GBPUSD,sell,usd_short_sell,BIAS_NEUTRAL,0.81,0.80-0.90,16,ny,0.1904296875,<0.50,0.8095703125,0.80-0.90,29.290359497070312,20-30,0.0006523423362523317,0.0005183046160935985,0.05-0.10%,-2,1,1,0,tp2,409.594,4.095940290744718
bt_20260511_143554,test,2024-11-21T16:30:00+00:00,2024-11-22T02:30:00+00:00,EURUSD,sell,usd_short_sell,BIAS_NEUTRAL,0.837,0.80-0.90,16,ny,0.1629638671875,<0.50,0.8370361328125,0.80-0.90,36.827110290527344,30-40,0.0005608372739516199,0.0005356299909476333,0.05-0.10%,-2,1,1,1,sl_full,-100.1,-1.00099999998999
bt_20260511_143554,test,2024-11-22T03:45:00+00:00,2024-11-22T09:45:00+00:00,EURJPY,sell,eur_cross_sell,BIAS_NEUTRAL,0.832,0.80-0.90,3,asian,0.1678466796875,<0.50,0.8321533203125,0.80-0.90,38.414085388183594,30-40,0.2686220407485962,0.0016650808831818712,0.10-0.20%,-2,2,1,1,be_or_trail,166.984,1.669816890822955
bt_20260511_143554,test,2024-11-22T03:45:00+00:00,2024-11-25T00:00:00+00:00,GBPJPY,sell,gbp_cross_sell,BIAS_NEUTRAL,0.788,0.75-0.80,3,asian,0.2117919921875,<0.50,0.7882080078125,0.75-0.80,26.08758544921875,20-30,0.23645031452178955,0.0012193049955392399,0.10-0.20%,-2,2,1,2,sl_full,-100.0998,-1.0009999999899901
bt_20260511_143554,test,2024-11-26T19:00:00+00:00,2024-11-27T00:45:00+00:00,EURJPY,sell,eur_cross_sell,BIAS_NEUTRAL,0.783,0.75-0.80,19,off_session,0.21728515625,<0.50,0.78271484375,0.75-0.80,22.56483268737793,20-30,0.12319237738847733,0.0007677072946581674,0.05-0.10%,-2,2,1,0,be_or_trail,314.7763,3.1477379009772606
bt_20260511_143554,test,2024-11-26T19:00:00+00:00,2024-11-27T00:45:00+00:00,GBPJPY,sell,gbp_cross_sell,BIAS_NEUTRAL,0.783,0.75-0.80,19,off_session,0.217041015625,<0.50,0.782958984375,0.75-0.80,25.20650863647461,20-30,0.15340754389762878,0.0007978443612198701,0.05-0.10%,-2,2,1,1,be_or_trail,268.8725,2.6886976482112566
bt_20260511_143554,test,2024-11-29T02:15:00+00:00,2024-11-29T02:45:00+00:00,USDJPY,sell,usd_long_sell,BIAS_NEUTRAL,0.762,0.75-0.80,2,asian,0.23828125,<0.50,0.76171875,0.75-0.80,36.23491668701172,30-40,0.19502240419387817,0.0013039300456096977,0.10-0.20%,-2,1,1,0,sl_full,-100.099,-1.00099999998999
bt_20260511_143554,test,2024-11-29T12:15:00+00:00,2024-12-02T00:00:00+00:00,GBPJPY,sell,gbp_cross_sell,BIAS_NEUTRAL,0.822,0.80-0.90,12,off_session,0.178466796875,<0.50,0.821533203125,0.80-0.90,33.55549240112305,30-40,0.267679899930954,0.001405587266772177,0.10-0.20%,-2,1,1,0,sl_full,-100.0993,-1.00099999998999
bt_20260511_143554,test,2024-12-02T16:00:00+00:00,2024-12-03T03:15:00+00:00,EURUSD,sell,usd_short_sell,BIAS_NEUTRAL,0.776,0.75-0.80,16,ny,0.2242431640625,<0.50,0.7757568359375,0.75-0.80,29.193225860595703,20-30,0.0008727159001864493,0.0008312213313266243,0.05-0.10%,-2,1,1,0,sl_full,-100.1,-1.00099999998999
bt_20260511_143554,test,2024-12-02T18:15:00+00:00,2024-12-02T18:45:00+00:00,GBPJPY,buy,gbp_cross_buy,BIAS_NEUTRAL,0.7130840311205947,0.70-0.75,18,off_session,0.8037109375,0.80-0.90,0.1962890625,<0.50,16.64478874206543,<20,0.15162482857704163,0.0007998570947298567,0.05-0.10%,-2,1,1,1,sl_full,-100.0997,-1.00099999998999
bt_20260511_143554,test,2024-12-09T18:15:00+00:00,2024-12-09T19:15:00+00:00,USDJPY,buy,usd_long_buy,BIAS_NEUTRAL,0.693,0.65-0.70,18,off_session,0.693359375,0.65-0.70,0.306640625,<0.50,34.68484878540039,30-40,0.10047537088394165,0.0006635178990445585,0.05-0.10%,2,1,1,0,sl_full,-100.1003,-1.00099999998999
bt_20260511_143554,test,2024-12-16T07:30:00+00:00,2024-12-17T03:30:00+00:00,EURJPY,buy,eur_cross_buy,BIAS_NEUTRAL,0.826,0.80-0.90,7,london,0.82568359375,0.80-0.90,0.17431640625,<0.50,25.49166488647461,20-30,0.14285114407539368,0.0008829944006945175,0.05-0.10%,2,1,1,0,sl_full,-100.0996,-1.00099999998999
bt_20260511_143554,test,2024-12-30T19:45:00+00:00,2024-12-31T04:30:00+00:00,EURJPY,sell,eur_cross_sell,BIAS_NEUTRAL,0.756,0.75-0.80,19,off_session,0.2437744140625,<0.50,0.7562255859375,0.75-0.80,25.735660552978516,20-30,0.11222270876169205,0.0006884727514877713,0.05-0.10%,-2,1,1,0,be_or_trail,138.6001,1.3859961870626756
bt_20260511_143554,test,2025-01-07T04:00:00+00:00,2025-01-07T07:30:00+00:00,EURJPY,buy,eur_cross_buy,BIAS_NEUTRAL,0.86,0.80-0.90,4,asian,0.85986328125,0.80-0.90,0.14013671875,<0.50,25.92271614074707,20-30,0.16301637887954712,0.0009921217857429268,0.05-0.10%,2,1,1,0,sl_full,-100.1011,-1.0009999999899901
bt_20260511_143554,test,2025-01-08T17:00:00+00:00,2025-01-08T18:00:00+00:00,GBPJPY,sell,gbp_cross_sell,BIAS_NEUTRAL,0.726,0.70-0.75,17,ny,0.2744140625,<0.50,0.7255859375,0.70-0.75,22.91080665588379,20-30,0.11821172386407852,0.0006044784056349233,0.05-0.10%,-2,1,1,0,sl_full,-100.1006,-1.00099999998999
bt_20260511_143554,test,2025-01-09T07:30:00+00:00,2025-01-09T07:45:00+00:00,GBPJPY,sell,gbp_cross_sell,BIAS_NEUTRAL,0.754769291646301,0.75-0.80,7,london,0.1485595703125,<0.50,0.8514404296875,0.80-0.90,49.88933181762695,40-60,0.2583083212375641,0.0013352007134485426,0.10-0.20%,-2,1,1,0,sl_full,-100.099,-1.00099999998999
bt_20260511_143554,test,2025-01-10T09:00:00+00:00,2025-01-13T07:00:00+00:00,XAUUSD,buy,risk_off_buy,BIAS_NEUTRAL,0.73,0.70-0.75,9,london,0.73046875,0.70-0.75,0.26953125,<0.50,30.470592498779297,30-40,5.27269983291626,0.001964756302985337,0.10-0.20%,2,1,1,0,sl_full,-100.0598,-1.000999999989986
bt_20260511_143554,test,2025-01-15T02:45:00+00:00,2025-01-15T03:45:00+00:00,EURUSD,buy,usd_short_buy,BIAS_NEUTRAL,0.819,0.80-0.90,2,asian,0.81884765625,0.80-0.90,0.18115234375,<0.50,30.59038734436035,30-40,0.0006256129126995802,0.0006069280264764755,0.05-0.10%,2,1,1,0,sl_full,-100.1,-1.00099999998999
bt_20260511_143554,test,2025-01-15T16:45:00+00:00,2025-01-15T20:15:00+00:00,EURJPY,sell,eur_cross_sell,BIAS_NEUTRAL,0.718,0.70-0.75,16,ny,0.2822265625,<0.50,0.7177734375,0.70-0.75,31.90928840637207,30-40,0.06320051103830338,0.00039260391051766614,<0.05%,-2,1,1,0,tp2,323.6243,3.2362608872148635
bt_20260511_143554,test,2025-01-15T17:00:00+00:00,2025-01-15T19:45:00+00:00,USDJPY,sell,usd_long_sell,BIAS_NEUTRAL,0.744,0.70-0.75,17,ny,0.255859375,<0.50,0.744140625,0.70-0.75,27.34284782409668,20-30,0.08358865976333618,0.0005347014508619027,0.05-0.10%,-2,1,1,1,sl_full,-100.1006,-1.00099999998999
bt_20260511_143554,test,2025-01-16T10:15:00+00:00,2025-01-17T09:30:00+00:00,USDJPY,sell,usd_long_sell,BIAS_NEUTRAL,0.6891371793292314,0.65-0.70,10,london,0.2230224609375,<0.50,0.7769775390625,0.75-0.80,27.419456481933594,20-30,0.23702146112918854,0.0015236768494125328,0.10-0.20%,-2,1,1,0,sl_full,-100.0993,-1.00099999998999
bt_20260511_143554,test,2025-01-16T19:30:00+00:00,2025-01-16T21:00:00+00:00,EURJPY,sell,eur_cross_sell,BIAS_NEUTRAL,0.795,0.75-0.80,19,off_session,0.205078125,<0.50,0.794921875,0.75-0.80,22.458892822265625,20-30,0.11871194839477539,0.0007425435916773544,0.05-0.10%,-2,1,1,1,sl_full,-100.1,-1.00099999998999
bt_20260511_143554,test,2025-01-20T18:15:00+00:00,2025-01-20T19:45:00+00:00,GBPUSD,buy,usd_short_buy,BIAS_NEUTRAL,0.812,0.80-0.90,18,off_session,0.8125,0.80-0.90,0.1875,<0.50,25.87785530090332,20-30,0.0009081335738301277,0.000736453697281059,0.05-0.10%,2,1,1,0,sl_full,-100.1,-1.00099999998999
bt_20260511_143554,test,2025-01-22T10:45:00+00:00,2025-01-22T19:00:00+00:00,EURJPY,buy,eur_cross_buy,BIAS_NEUTRAL,0.8,0.80-0.90,10,london,0.7998046875,0.75-0.80,0.2001953125,<0.50,22.42215919494629,20-30,0.1511322259902954,0.0009272109281538891,0.05-0.10%,2,1,1,0,sl_full,-100.1008,-1.0009999999899901
bt_20260511_143554,test,2025-01-24T03:00:00+00:00,2025-01-27T00:00:00+00:00,EURUSD,buy,usd_short_buy,BIAS_NEUTRAL,0.819,0.80-0.90,3,asian,0.8193359375,0.80-0.90,0.1806640625,<0.50,52.10689163208008,40-60,0.0011504536960273981,0.0010979392611658362,0.10-0.20%,2,1,1,0,sl_full,-100.1,-1.00099999998999
bt_20260511_143554,test,2025-01-24T10:00:00+00:00,2025-01-27T02:45:00+00:00,GBPUSD,buy,usd_short_buy,BIAS_NEUTRAL,0.875,0.80-0.90,10,london,0.87548828125,0.80-0.90,0.12451171875,<0.50,29.95798110961914,20-30,0.0014215949922800064,0.0011411568400054959,0.10-0.20%,2,1,1,1,sl_full,-100.1,-1.00099999998999
bt_20260511_143554,test,2025-01-30T07:30:00+00:00,2025-01-30T11:45:00+00:00,USDJPY,sell,usd_long_sell,BIAS_NEUTRAL,0.737,0.70-0.75,7,london,0.263427734375,<0.50,0.736572265625,0.70-0.75,20.694061279296875,20-30,0.13402973115444183,0.0008692834415638151,0.05-0.10%,-2,1,1,0,sl_full,-100.0992,-1.00099999998999
bt_20260511_143554,test,2025-02-05T09:45:00+00:00,2025-02-06T05:00:00+00:00,GBPJPY,sell,gbp_cross_sell,BIAS_NEUTRAL,0.727,0.70-0.75,9,london,0.2734375,<0.50,0.7265625,0.70-0.75,25.225627899169922,20-30,0.23972240090370178,0.0012539241013374244,0.10-0.20%,-2,1,1,0,tp2,331.2711,3.312653423731266
bt_20260511_143554,test,2025-02-05T10:00:00+00:00,2025-02-05T15:00:00+00:00,USDJPY,sell,usd_long_sell,BIAS_NEUTRAL,0.796,0.75-0.80,10,london,0.2039794921875,<0.50,0.7960205078125,0.75-0.80,30.502431869506836,30-40,0.22415119409561157,0.0014716143587567103,0.10-0.20%,-2,1,1,1,sl_full,-100.1017,-1.0009999999899901
bt_20260511_143554,test,2025-02-05T16:15:00+00:00,2025-02-05T20:30:00+00:00,EURJPY,sell,eur_cross_sell,BIAS_NEUTRAL,0.706,0.70-0.75,16,ny,0.294189453125,<0.50,0.705810546875,0.70-0.75,20.829299926757812,20-30,0.09173658490180969,0.0005778309462201064,0.05-0.10%,-2,1,1,1,tp2,317.1831,3.171813526683201
bt_20260511_143554,test,2025-02-11T04:00:00+00:00,2025-02-11T14:30:00+00:00,GBPJPY,buy,gbp_cross_buy,BIAS_NEUTRAL,0.738,0.70-0.75,4,asian,0.73828125,0.70-0.75,0.26171875,<0.50,40.51445770263672,40-60,0.23178312182426453,0.001232570287117178,0.10-0.20%,-2,1,1,0,tp2,341.5004,3.4150509456091065
bt_20260511_143554,test,2025-02-12T08:45:00+00:00,2025-02-13T00:30:00+00:00,EURJPY,buy,eur_cross_buy,BIAS_NEUTRAL,0.894,0.80-0.90,8,london,0.89404296875,0.80-0.90,0.10595703125,<0.50,25.80925178527832,20-30,0.19149161875247955,0.0011999130607861616,0.10-0.20%,2,1,1,0,be_or_trail,398.9877,3.989922992824161
bt_20260511_143554,test,2025-02-19T17:00:00+00:00,2025-02-19T20:00:00+00:00,EURJPY,sell,eur_cross_sell,BIAS_NEUTRAL,0.757,0.75-0.80,17,ny,0.243408203125,<0.50,0.756591796875,0.75-0.80,30.690223693847656,30-40,0.0807257890701294,0.0005116596350422761,0.05-0.10%,-2,2,1,0,be_or_trail,294.9027,2.949006857046447
bt_20260511_143554,test,2025-02-19T17:00:00+00:00,2025-02-19T20:30:00+00:00,GBPJPY,sell,gbp_cross_sell,BIAS_NEUTRAL,0.758,0.75-0.80,17,ny,0.2420654296875,<0.50,0.7579345703125,0.75-0.80,25.152578353881836,20-30,0.10633569955825806,0.0005583688029656037,0.05-0.10%,-2,2,1,1,tp2,360.243,3.6023949938370388
bt_20260511_143554,test,2025-02-20T09:30:00+00:00,2025-02-20T20:30:00+00:00,USDJPY,sell,usd_long_sell,BIAS_NEUTRAL,0.876,0.80-0.90,9,london,0.12408447265625,<0.50,0.87591552734375,0.80-0.90,26.372663497924805,20-30,0.17150841653347015,0.001144801120714443,0.10-0.20%,-2,1,1,0,sl_full,-100.0997,-1.00099999998999
bt_20260511_143554,test,2025-02-25T18:15:00+00:00,2025-02-25T20:30:00+00:00,EURUSD,buy,usd_short_buy,BIAS_NEUTRAL,0.84,0.80-0.90,18,off_session,0.83984375,0.80-0.90,0.16015625,<0.50,37.55940628051758,30-40,0.00040408835047855973,0.0003840377400695296,<0.05%,2,1,1,0,sl_full,-100.1,-1.0009999999899901
bt_20260511_143554,test,2025-03-04T07:00:00+00:00,2025-03-04T08:30:00+00:00,GBPUSD,buy,usd_short_buy,BIAS_NEUTRAL,0.794,0.75-0.80,7,london,0.7939453125,0.75-0.80,0.2060546875,<0.50,17.56892967224121,<20,0.001205161795951426,0.0009455475365724197,0.05-0.10%,2,1,1,0,sl_full,-100.1,-1.00099999998999
bt_20260511_143554,test,2025-03-10T17:30:00+00:00,2025-03-10T21:00:00+00:00,XAUUSD,sell,risk_off_sell,BIAS_NEUTRAL,0.791,0.75-0.80,17,ny,0.2088623046875,<0.50,0.7911376953125,0.75-0.80,26.026538848876953,20-30,3.74814510345459,0.0012991216277718014,0.10-0.20%,-2,1,1,0,sl_full,-100.1299,-1.000999999989993
bt_20260511_143554,test,2025-03-17T09:15:00+00:00,2025-03-17T12:00:00+00:00,GBPJPY,sell,gbp_cross_sell,BIAS_NEUTRAL,0.701,0.70-0.75,9,london,0.298828125,<0.50,0.701171875,0.70-0.75,37.0708122253418,30-40,0.26968371868133545,0.0013981477881005362,0.10-0.20%,2,1,1,0,sl_full,-100.1012,-1.0009999999899901
bt_20260511_143554,test,2025-03-17T17:45:00+00:00,2025-03-18T02:30:00+00:00,EURJPY,buy,eur_cross_buy,BIAS_NEUTRAL,0.752,0.75-0.80,17,ny,0.75244140625,0.75-0.80,0.24755859375,<0.50,40.16061019897461,40-60,0.09802637994289398,0.0006009625966751838,0.05-0.10%,2,1,1,0,be_or_trail,248.4014,2.4840086318949366
bt_20260511_143554,test,2025-05-01T07:45:00+00:00,2025-05-01T08:30:00+00:00,USDJPY,buy,usd_long_buy,BIAS_NEUTRAL,0.919,0.90-1.00,7,london,0.9189453125,0.90-1.00,0.0810546875,<0.50,20.844566345214844,20-30,0.130409374833107,0.0009024252022562621,0.05-0.10%,2,1,1,0,sl_full,-100.0991,-1.00099999998999
bt_20260511_143554,test,2025-05-12T12:30:00+00:00,2025-05-12T20:00:00+00:00,USDJPY,buy,usd_long_buy,BIAS_NEUTRAL,0.659,0.65-0.70,12,off_session,0.6591796875,0.65-0.70,0.3408203125,<0.50,29.059389114379883,20-30,0.17089784145355225,0.0011518381645290526,0.10-0.20%,2,1,1,0,sl_full,-100.0993,-1.00099999998999
bt_20260511_143554,test,2025-05-13T18:15:00+00:00,2025-05-14T02:00:00+00:00,EURUSD,buy,usd_short_buy,BIAS_NEUTRAL,0.706,0.70-0.75,18,off_session,0.70556640625,0.70-0.75,0.29443359375,<0.50,35.457435607910156,30-40,0.0005180332809686661,0.000462891762636371,<0.05%,2,1,1,0,sl_full,-100.1,-1.0009999999899901
bt_20260511_143554,test,2025-05-16T03:00:00+00:00,2025-05-16T04:00:00+00:00,EURJPY,sell,eur_cross_sell,BIAS_NEUTRAL,0.786,0.75-0.80,3,asian,0.2142333984375,<0.50,0.7857666015625,0.75-0.80,28.984371185302734,20-30,0.11371898651123047,0.0006994025301944178,0.05-0.10%,-2,1,1,0,sl_full,-100.1002,-1.00099999998999
bt_20260511_143554,test,2025-05-21T02:15:00+00:00,2025-05-21T02:45:00+00:00,EURUSD,buy,usd_short_buy,BIAS_NEUTRAL,0.855,0.80-0.90,2,asian,0.85498046875,0.80-0.90,0.14501953125,<0.50,56.93840408325195,40-60,0.0009310179739259183,0.0008203979725069928,0.05-0.10%,2,1,1,0,sl_full,-100.1,-1.00099999998999
bt_20260511_143554,test,2025-05-21T06:15:00+00:00,2025-05-21T06:45:00+00:00,EURUSD,buy,usd_short_buy,BIAS_NEUTRAL,0.7583169733931696,0.75-0.80,6,asian,0.85498046875,0.80-0.90,0.14501953125,<0.50,25.58329963684082,20-30,0.0012115042190998793,0.001066289456841065,0.10-0.20%,2,1,1,0,sl_full,-100.1,-1.00099999998999
bt_20260511_143554,test,2025-05-26T11:30:00+00:00,2025-05-26T12:30:00+00:00,GBPJPY,buy,gbp_cross_buy,BIAS_NEUTRAL,0.745,0.70-0.75,11,london,0.74462890625,0.70-0.75,0.25537109375,<0.50,23.828346252441406,20-30,0.08268788456916809,0.0004267679426262225,<0.05%,2,1,1,0,sl_full,-100.1007,-1.00099999998999
bt_20260511_143554,test,2025-05-27T19:15:00+00:00,2025-05-27T21:30:00+00:00,XAUUSD,buy,risk_off_buy,BIAS_NEUTRAL,0.792,0.75-0.80,19,off_session,0.7919921875,0.75-0.80,0.2080078125,<0.50,24.35475730895996,20-30,3.8560619354248047,0.001165339629651919,0.10-0.20%,-2,1,1,0,sl_full,-100.083,-1.0009999999899883
bt_20260511_143554,test,2025-05-30T08:00:00+00:00,2025-05-30T08:30:00+00:00,GBPJPY,sell,gbp_cross_sell,BIAS_NEUTRAL,0.722,0.70-0.75,8,london,0.278076171875,<0.50,0.721923828125,0.70-0.75,27.83702278137207,20-30,0.19459137320518494,0.0010056646505720369,0.10-0.20%,-2,1,1,0,sl_full,-100.1013,-1.0009999999899901
bt_20260511_143554,test,2025-06-04T04:00:00+00:00,2025-06-04T05:15:00+00:00,GBPJPY,buy,gbp_cross_buy,BIAS_NEUTRAL,0.806,0.80-0.90,4,asian,0.80615234375,0.80-0.90,0.19384765625,<0.50,27.451324462890625,20-30,0.1496437042951584,0.0007673210126142697,0.05-0.10%,2,1,1,0,sl_full,-100.0996,-1.00099999998999
bt_20260511_143554,test,2025-06-20T14:45:00+00:00,2025-06-23T00:15:00+00:00,USDJPY,buy,usd_long_buy,BIAS_NEUTRAL,0.741,0.70-0.75,14,ny,0.7412109375,0.70-0.75,0.2587890625,<0.50,25.391159057617188,20-30,0.07155077904462814,0.0004900732013762978,<0.05%,2,1,1,0,tp2,344.3536,3.443542264275297
bt_20260511_143554,test,2025-06-24T10:15:00+00:00,2025-06-24T11:45:00+00:00,GBPUSD,buy,usd_short_buy,BIAS_NEUTRAL,0.796,0.75-0.80,10,london,0.79638671875,0.75-0.80,0.20361328125,<0.50,37.46992874145508,30-40,0.0013507666299119592,0.0009903177188345803,0.05-0.10%,2,1,1,0,sl_full,-100.1,-1.00099999998999
bt_20260511_143554,test,2025-06-25T18:00:00+00:00,2025-06-25T20:30:00+00:00,GBPJPY,buy,gbp_cross_buy,BIAS_NEUTRAL,0.665,0.65-0.70,18,off_session,0.66455078125,0.65-0.70,0.33544921875,<0.50,27.450115203857422,20-30,0.12166313827037811,0.0006130988618252725,0.05-0.10%,2,1,1,0,sl_full,-100.1008,-1.0009999999899901
bt_20260511_143554,test,2025-06-26T03:00:00+00:00,2025-06-26T07:00:00+00:00,GBPUSD,buy,usd_short_buy,BIAS_NEUTRAL,0.818,0.80-0.90,3,asian,0.81787109375,0.80-0.90,0.18212890625,<0.50,34.57960510253906,30-40,0.0009971180697903037,0.0007260136737914641,0.05-0.10%,2,1,1,0,sl_full,-100.1,-1.00099999998999
bt_20260511_143554,test,2025-07-07T09:15:00+00:00,2025-07-07T12:15:00+00:00,EURUSD,buy,usd_short_buy,BIAS_NEUTRAL,0.725,0.70-0.75,9,london,0.72509765625,0.70-0.75,0.27490234375,<0.50,34.05295181274414,30-40,0.0007038883632048965,0.0005996076063470493,0.05-0.10%,-2,1,1,0,sl_full,-100.1,-1.00099999998999
bt_20260511_143554,test,2025-07-08T06:00:00+00:00,2025-07-08T11:45:00+00:00,USDJPY,buy,usd_long_buy,BIAS_NEUTRAL,0.746,0.70-0.75,6,asian,0.74560546875,0.70-0.75,0.25439453125,<0.50,18.098491668701172,<20,0.10504979640245438,0.0007178069184507332,0.05-0.10%,2,1,1,0,be_or_trail,247.4837,2.4748439503286384
bt_20260511_143554,test,2025-07-08T07:30:00+00:00,2025-07-08T10:00:00+00:00,GBPJPY,buy,gbp_cross_buy,BIAS_NEUTRAL,0.86,0.80-0.90,7,london,0.8603515625,0.80-0.90,0.1396484375,<0.50,41.807621002197266,40-60,0.12391255050897598,0.0006226079560754027,0.05-0.10%,2,1,1,1,sl_full,-100.099,-1.00099999998999
bt_20260511_143554,test,2025-07-21T17:00:00+00:00,2025-07-21T18:00:00+00:00,GBPJPY,sell,gbp_cross_sell,BIAS_NEUTRAL,0.717,0.70-0.75,17,ny,0.283447265625,<0.50,0.716552734375,0.70-0.75,33.34346008300781,30-40,0.124529629945755,0.0006275167098841593,0.05-0.10%,-2,1,1,0,sl_full,-100.1008,-1.0009999999899901
bt_20260511_143554,test,2025-07-21T18:15:00+00:00,2025-07-21T19:30:00+00:00,XAUUSD,buy,risk_off_buy,BIAS_NEUTRAL,0.731,0.70-0.75,18,off_session,0.7314453125,0.70-0.75,0.2685546875,<0.50,31.29598617553711,30-40,1.9995063543319702,0.0005879854715088827,0.05-0.10%,2,1,1,0,sl_full,-100.0902,-1.000999999989989
bt_20260511_143554,test,2025-07-23T18:15:00+00:00,2025-07-23T20:00:00+00:00,GBPUSD,buy,usd_short_buy,BIAS_NEUTRAL,0.741,0.70-0.75,18,off_session,0.74072265625,0.70-0.75,0.25927734375,<0.50,24.740718841552734,20-30,0.0005291355191729963,0.0003894304578595468,<0.05%,2,1,1,0,sl_full,-100.1,-1.0009999999899901
bt_20260511_143554,test,2025-08-04T07:00:00+00:00,2025-08-05T00:00:00+00:00,USDJPY,sell,usd_long_sell,BIAS_NEUTRAL,0.858,0.80-0.90,7,london,0.1419677734375,<0.50,0.8580322265625,0.80-0.90,26.298078536987305,20-30,0.12813149392604828,0.0008688913501911544,0.05-0.10%,-2,1,1,0,time_exit,244.4971,2.444957954695258
bt_20260511_143554,test,2025-08-04T07:45:00+00:00,2025-08-05T00:00:00+00:00,GBPJPY,sell,gbp_cross_sell,BIAS_NEUTRAL,0.78,0.75-0.80,7,london,0.2203369140625,<0.50,0.7796630859375,0.75-0.80,28.069669723510742,20-30,0.1559973657131195,0.0007965436779214768,0.05-0.10%,-2,1,1,1,time_exit,222.9316,2.2293104468502047
