candidate_id,run_id,source_split,bt_start,bt_end,split_summary_hash,correlation_id,trader_id,symbol,side,timestamp,atr,adx,ema_stack_score,regime,rsi,pullback_depth,candle_body_ratio,range_size,breakout_strength,distance_from_mean_atr,volatility_stable,range_age_bars,fakeout_prob,p_win,p_bull,p_bear,sentiment_score,ensemble_score,ev,rr_ratio,confidence,tp_hit,sl_hit,pnl,exit_reason,outcome_ts,executed
992e3f1f-f3e7-4702-8c5f-bd51df7fa977,bt_20260427_074402,combined_eval,2022-08-05,2025-08-05,e66cf0f2d9bb45152870571b33a723a137d69894c7d3c2cd56d561d4651c9fb6,bt_20260427_074402_000000,ml_trader,AUDUSD,buy,2022-08-05T07:00:00+00:00,0.000577,42.680183,0.0,BIAS_NEUTRAL,,,,,,,,,,0.79,0.789551,0.210449,,,0.0,2.94,0.79,,,,,,1
992e3f1f-f3e7-4702-8c5f-bd51df7fa977__outcome,bt_20260427_074402,combined_eval,2022-08-05,2025-08-05,e66cf0f2d9bb45152870571b33a723a137d69894c7d3c2cd56d561d4651c9fb6,bt_20260427_074402_000000,ml_trader,AUDUSD,buy,2022-08-05T07:00:00+00:00,0.000577,42.680183,0.0,BIAS_NEUTRAL,,,,,,,,,,0.79,0.789551,0.210449,,,0.0,2.94,0.79,0,1,-100.1,sl_full,2022-08-05T08:30:00+00:00,1
9a725a52-07da-45a0-88b2-28c5dd01e06a,bt_20260427_074402,combined_eval,2022-08-05,2025-08-05,e66cf0f2d9bb45152870571b33a723a137d69894c7d3c2cd56d561d4651c9fb6,bt_20260427_074402_000001,ml_trader,EURGBP,sell,2022-08-05T07:00:00+00:00,0.000558,35.011787,2.0,BIAS_DOWN,,,,,,,,,,0.808,0.191895,0.808105,,,0.0,3.08,0.808,,,,,,1
9a725a52-07da-45a0-88b2-28c5dd01e06a__outcome,bt_20260427_074402,combined_eval,2022-08-05,2025-08-05,e66cf0f2d9bb45152870571b33a723a137d69894c7d3c2cd56d561d4651c9fb6,bt_20260427_074402_000001,ml_trader,EURGBP,sell,2022-08-05T07:00:00+00:00,0.000558,35.011787,2.0,BIAS_DOWN,,,,,,,,,,0.808,0.191895,0.808105,,,0.0,3.08,0.808,0,1,-99.098,sl_full,2022-08-05T08:45:00+00:00,1
bb08dca1-4d01-413b-a1ad-679aca6eae90,bt_20260427_074402,combined_eval,2022-08-05,2025-08-05,e66cf0f2d9bb45152870571b33a723a137d69894c7d3c2cd56d561d4651c9fb6,bt_20260427_074402_000002,ml_trader,GBPUSD,buy,2022-08-05T07:00:00+00:00,0.001097,26.626331,-2.0,BIAS_UP,,,,,,,,,,0.822,0.822266,0.177734,,,0.0,3.22,0.822,,,,,,1
bb08dca1-4d01-413b-a1ad-679aca6eae90__outcome,bt_20260427_074402,combined_eval,2022-08-05,2025-08-05,e66cf0f2d9bb45152870571b33a723a137d69894c7d3c2cd56d561d4651c9fb6,bt_20260427_074402_000002,ml_trader,GBPUSD,buy,2022-08-05T07:00:00+00:00,0.001097,26.626331,-2.0,BIAS_UP,,,,,,,,,,0.822,0.822266,0.177734,,,0.0,3.22,0.822,0,1,-98.106,sl_full,2022-08-05T08:30:00+00:00,1
47ff2e71-91d6-4c1b-a534-4bb6f7b1304a,bt_20260427_074402,combined_eval,2022-08-05,2025-08-05,e66cf0f2d9bb45152870571b33a723a137d69894c7d3c2cd56d561d4651c9fb6,bt_20260427_074402_000003,ml_trader,EURUSD,buy,2022-08-08T07:00:00+00:00,0.000946,15.359901,-2.0,BIAS_NEUTRAL,,,,,,,,,,0.722,0.722168,0.277832,,,0.0,2.51,0.722,,,,,,1
47ff2e71-91d6-4c1b-a534-4bb6f7b1304a__outcome,bt_20260427_074402,combined_eval,2022-08-05,2025-08-05,e66cf0f2d9bb45152870571b33a723a137d69894c7d3c2cd56d561d4651c9fb6,bt_20260427_074402_000003,ml_trader,EURUSD,buy,2022-08-08T07:00:00+00:00,0.000946,15.359901,-2.0,BIAS_NEUTRAL,,,,,,,,,,0.722,0.722168,0.277832,,,0.0,2.51,0.722,0,1,-48.562,sl_full,2022-08-08T07:30:00+00:00,1
9882a703-f83a-48ca-bbc3-c1cee6c569c3,bt_20260427_074402,combined_eval,2022-08-05,2025-08-05,e66cf0f2d9bb45152870571b33a723a137d69894c7d3c2cd56d561d4651c9fb6,bt_20260427_074402_000004,ml_trader,GBPUSD,buy,2022-08-08T07:00:00+00:00,0.001229,21.226131,0.0,BIAS_NEUTRAL,,,,,,,,,,0.61641,0.695312,0.304688,,,0.0,2.13,0.61641,,,,,,1
9882a703-f83a-48ca-bbc3-c1cee6c569c3__outcome,bt_20260427_074402,combined_eval,2022-08-05,2025-08-05,e66cf0f2d9bb45152870571b33a723a137d69894c7d3c2cd56d561d4651c9fb6,bt_20260427_074402_000004,ml_trader,GBPUSD,buy,2022-08-08T07:00:00+00:00,0.001229,21.226131,0.0,BIAS_NEUTRAL,,,,,,,,,,0.61641,0.695312,0.304688,,,0.0,2.13,0.61641,0,1,-33.8233,sl_full,2022-08-08T12:15:00+00:00,1
c3ff8ea3-00db-45d2-8e81-65012771adcf,bt_20260427_074402,combined_eval,2022-08-05,2025-08-05,e66cf0f2d9bb45152870571b33a723a137d69894c7d3c2cd56d561d4651c9fb6,bt_20260427_074402_000005,ml_trader,USDCAD,sell,2022-08-08T07:00:00+00:00,0.000717,22.416912,0.0,BIAS_NEUTRAL,,,,,,,,,,0.828,0.171997,0.828003,,,0.0,3.28,0.828,,,,,,1
c3ff8ea3-00db-45d2-8e81-65012771adcf__outcome,bt_20260427_074402,combined_eval,2022-08-05,2025-08-05,e66cf0f2d9bb45152870571b33a723a137d69894c7d3c2cd56d561d4651c9fb6,bt_20260427_074402_000005,ml_trader,USDCAD,sell,2022-08-08T07:00:00+00:00,0.000717,22.416912,0.0,BIAS_NEUTRAL,,,,,,,,,,0.828,0.171997,0.828003,,,0.0,3.28,0.828,1,0,104.905,be_or_trail,2022-08-08T09:00:00+00:00,1
c972efd0-4e4f-4ef4-a629-b2c07784d778,bt_20260427_074402,combined_eval,2022-08-05,2025-08-05,e66cf0f2d9bb45152870571b33a723a137d69894c7d3c2cd56d561d4651c9fb6,bt_20260427_074402_000006,ml_trader,GBPJPY,sell,2022-08-08T08:00:00+00:00,0.194566,34.130501,2.0,BIAS_DOWN,,,,,,,,,,0.737,0.262939,0.737061,,,0.0,2.61,0.737,,,,,,1
c972efd0-4e4f-4ef4-a629-b2c07784d778__outcome,bt_20260427_074402,combined_eval,2022-08-05,2025-08-05,e66cf0f2d9bb45152870571b33a723a137d69894c7d3c2cd56d561d4651c9fb6,bt_20260427_074402_000006,ml_trader,GBPJPY,sell,2022-08-08T08:00:00+00:00,0.194566,34.130501,2.0,BIAS_DOWN,,,,,,,,,,0.737,0.262939,0.737061,,,0.0,2.61,0.737,1,0,128.0839,be_or_trail,2022-08-09T04:30:00+00:00,1
b3204954-6dbd-4448-9d29-e35d9f37a3ee,bt_20260427_074402,combined_eval,2022-08-05,2025-08-05,e66cf0f2d9bb45152870571b33a723a137d69894c7d3c2cd56d561d4651c9fb6,bt_20260427_074402_000007,ml_trader,USDCHF,sell,2022-08-08T08:00:00+00:00,0.000794,46.305134,0.0,BIAS_DOWN,,,,,,,,,,0.608,0.391846,0.608154,,,0.0,2.1,0.608,,,,,,1
b3204954-6dbd-4448-9d29-e35d9f37a3ee__outcome,bt_20260427_074402,combined_eval,2022-08-05,2025-08-05,e66cf0f2d9bb45152870571b33a723a137d69894c7d3c2cd56d561d4651c9fb6,bt_20260427_074402_000007,ml_trader,USDCHF,sell,2022-08-08T08:00:00+00:00,0.000794,46.305134,0.0,BIAS_DOWN,,,,,,,,,,0.608,0.391846,0.608154,,,0.0,2.1,0.608,1,0,260.8353,tp2,2022-08-08T10:15:00+00:00,1
e80be3f7-5f01-4456-a54c-a678fe6a2960,bt_20260427_074402,combined_eval,2022-08-05,2025-08-05,e66cf0f2d9bb45152870571b33a723a137d69894c7d3c2cd56d561d4651c9fb6,bt_20260427_074402_000008,ml_trader,XAUUSD,buy,2022-08-08T08:00:00+00:00,1.784083,45.407703,0.0,BIAS_UP,,,,,,,,,,0.75,0.75,0.25,,,0.0,2.69,0.75,,,,,,1
e80be3f7-5f01-4456-a54c-a678fe6a2960__outcome,bt_20260427_074402,combined_eval,2022-08-05,2025-08-05,e66cf0f2d9bb45152870571b33a723a137d69894c7d3c2cd56d561d4651c9fb6,bt_20260427_074402_000008,ml_trader,XAUUSD,buy,2022-08-08T08:00:00+00:00,1.784083,45.407703,0.0,BIAS_UP,,,,,,,,,,0.75,0.75,0.25,,,0.0,2.69,0.75,1,0,256.1956,be_or_trail,2022-08-09T04:45:00+00:00,1
a12efbf6-9c33-47bb-b1e5-d9434e57444c,bt_20260427_074402,combined_eval,2022-08-05,2025-08-05,e66cf0f2d9bb45152870571b33a723a137d69894c7d3c2cd56d561d4651c9fb6,bt_20260427_074402_000009,ml_trader,EURJPY,sell,2022-08-08T08:30:00+00:00,0.159042,30.156193,2.0,BIAS_DOWN,,,,,,,,,,0.625,0.375,0.625,,,0.0,2.16,0.625,,,,,,1
a12efbf6-9c33-47bb-b1e5-d9434e57444c__outcome,bt_20260427_074402,combined_eval,2022-08-05,2025-08-05,e66cf0f2d9bb45152870571b33a723a137d69894c7d3c2cd56d561d4651c9fb6,bt_20260427_074402_000009,ml_trader,EURJPY,sell,2022-08-08T08:30:00+00:00,0.159042,30.156193,2.0,BIAS_DOWN,,,,,,,,,,0.625,0.375,0.625,,,0.0,2.16,0.625,0,1,-103.8071,sl_full,2022-08-09T02:00:00+00:00,1
ec9a68e8-1776-4861-be1e-824385a31fbf,bt_20260427_074402,combined_eval,2022-08-05,2025-08-05,e66cf0f2d9bb45152870571b33a723a137d69894c7d3c2cd56d561d4651c9fb6,bt_20260427_074402_000010,ml_trader,NZDUSD,buy,2022-08-08T09:00:00+00:00,0.000625,53.622814,0.0,BIAS_UP,,,,,,,,,,0.754,0.754395,0.245605,,,0.0,2.71,0.754,,,,,,1
ec9a68e8-1776-4861-be1e-824385a31fbf__outcome,bt_20260427_074402,combined_eval,2022-08-05,2025-08-05,e66cf0f2d9bb45152870571b33a723a137d69894c7d3c2cd56d561d4651c9fb6,bt_20260427_074402_000010,ml_trader,NZDUSD,buy,2022-08-08T09:00:00+00:00,0.000625,53.622814,0.0,BIAS_UP,,,,,,,,,,0.754,0.754395,0.245605,,,0.0,2.71,0.754,0,1,-102.7679,sl_full,2022-08-08T21:00:00+00:00,1
90ebe465-e1f8-41d2-86bf-f9568a0410df,bt_20260427_074402,combined_eval,2022-08-05,2025-08-05,e66cf0f2d9bb45152870571b33a723a137d69894c7d3c2cd56d561d4651c9fb6,bt_20260427_074402_000011,ml_trader,EURGBP,buy,2022-08-09T07:00:00+00:00,0.000525,21.013447,2.0,BIAS_NEUTRAL,,,,,,,,,,0.804,0.803711,0.196289,,,0.0,3.04,0.804,,,,,,1
90ebe465-e1f8-41d2-86bf-f9568a0410df__outcome,bt_20260427_074402,combined_eval,2022-08-05,2025-08-05,e66cf0f2d9bb45152870571b33a723a137d69894c7d3c2cd56d561d4651c9fb6,bt_20260427_074402_000011,ml_trader,EURGBP,buy,2022-08-09T07:00:00+00:00,0.000525,21.013447,2.0,BIAS_NEUTRAL,,,,,,,,,,0.804,0.803711,0.196289,,,0.0,3.04,0.804,0,1,-101.7392,sl_full,2022-08-10T11:45:00+00:00,1
1c250a88-1eea-4516-b1dd-c7e44d439803,bt_20260427_074402,combined_eval,2022-08-05,2025-08-05,e66cf0f2d9bb45152870571b33a723a137d69894c7d3c2cd56d561d4651c9fb6,bt_20260427_074402_000012,ml_trader,EURJPY,buy,2022-08-09T07:00:00+00:00,0.123274,28.415674,2.0,BIAS_NEUTRAL,,,,,,,,,,0.583594,0.657715,0.342285,,,0.0,2.01,0.583594,,,,,,1
1c250a88-1eea-4516-b1dd-c7e44d439803__outcome,bt_20260427_074402,combined_eval,2022-08-05,2025-08-05,e66cf0f2d9bb45152870571b33a723a137d69894c7d3c2cd56d561d4651c9fb6,bt_20260427_074402_000012,ml_trader,EURJPY,buy,2022-08-09T07:00:00+00:00,0.123274,28.415674,2.0,BIAS_NEUTRAL,,,,,,,,,,0.583594,0.657715,0.342285,,,0.0,2.01,0.583594,0,1,-50.3598,sl_full,2022-08-10T03:30:00+00:00,1
fe805d40-fd3b-44ad-9ce1-d2db7d96eaca,bt_20260427_074402,combined_eval,2022-08-05,2025-08-05,e66cf0f2d9bb45152870571b33a723a137d69894c7d3c2cd56d561d4651c9fb6,bt_20260427_074402_000013,ml_trader,USDCAD,buy,2022-08-09T07:00:00+00:00,0.000768,20.946793,-2.0,BIAS_NEUTRAL,,,,,,,,,,0.734,0.734375,0.265625,,,0.0,2.59,0.734,,,,,,1
fe805d40-fd3b-44ad-9ce1-d2db7d96eaca__outcome,bt_20260427_074402,combined_eval,2022-08-05,2025-08-05,e66cf0f2d9bb45152870571b33a723a137d69894c7d3c2cd56d561d4651c9fb6,bt_20260427_074402_000013,ml_trader,USDCAD,buy,2022-08-09T07:00:00+00:00,0.000768,20.946793,-2.0,BIAS_NEUTRAL,,,,,,,,,,0.734,0.734375,0.265625,,,0.0,2.59,0.734,1,0,46.5226,be_or_trail,2022-08-10T05:30:00+00:00,1
df700af4-3bba-4b73-b66b-007390ad5997,bt_20260427_074402,combined_eval,2022-08-05,2025-08-05,e66cf0f2d9bb45152870571b33a723a137d69894c7d3c2cd56d561d4651c9fb6,bt_20260427_074402_000014,ml_trader,USDJPY,sell,2022-08-09T07:00:00+00:00,0.094835,13.754762,2.0,BIAS_DOWN,,,,,,,,,,0.613,0.387207,0.612793,,,0.0,2.12,0.613,,,,,,1
df700af4-3bba-4b73-b66b-007390ad5997__outcome,bt_20260427_074402,combined_eval,2022-08-05,2025-08-05,e66cf0f2d9bb45152870571b33a723a137d69894c7d3c2cd56d561d4651c9fb6,bt_20260427_074402_000014,ml_trader,USDJPY,sell,2022-08-09T07:00:00+00:00,0.094835,13.754762,2.0,BIAS_DOWN,,,,,,,,,,0.613,0.387207,0.612793,,,0.0,2.12,0.613,0,1,-100.6829,sl_full,2022-08-09T08:00:00+00:00,1
1a1bb976-6429-4bd5-889e-1c3118c4d40a,bt_20260427_074402,combined_eval,2022-08-05,2025-08-05,e66cf0f2d9bb45152870571b33a723a137d69894c7d3c2cd56d561d4651c9fb6,bt_20260427_074402_000015,ml_trader,AUDUSD,buy,2022-08-10T07:00:00+00:00,0.000532,21.732147,0.0,BIAS_NEUTRAL,,,,,,,,,,0.699,0.69873,0.30127,,,0.0,2.42,0.699,,,,,,1
1a1bb976-6429-4bd5-889e-1c3118c4d40a__outcome,bt_20260427_074402,combined_eval,2022-08-05,2025-08-05,e66cf0f2d9bb45152870571b33a723a137d69894c7d3c2cd56d561d4651c9fb6,bt_20260427_074402_000015,ml_trader,AUDUSD,buy,2022-08-10T07:00:00+00:00,0.000532,21.732147,0.0,BIAS_NEUTRAL,,,,,,,,,,0.699,0.69873,0.30127,,,0.0,2.42,0.699,1,0,312.0964,tp2,2022-08-10T08:45:00+00:00,1
980216ad-cf9a-4773-97cb-0e8b93868856,bt_20260427_074402,combined_eval,2022-08-05,2025-08-05,e66cf0f2d9bb45152870571b33a723a137d69894c7d3c2cd56d561d4651c9fb6,bt_20260427_074402_000016,ml_trader,EURGBP,sell,2022-08-10T07:00:00+00:00,0.000509,40.950298,2.0,BIAS_NEUTRAL,,,,,,,,,,0.734,0.266357,0.733643,,,0.0,2.59,0.734,,,,,,1
980216ad-cf9a-4773-97cb-0e8b93868856__outcome,bt_20260427_074402,combined_eval,2022-08-05,2025-08-05,e66cf0f2d9bb45152870571b33a723a137d69894c7d3c2cd56d561d4651c9fb6,bt_20260427_074402_000016,ml_trader,EURGBP,sell,2022-08-10T07:00:00+00:00,0.000509,40.950298,2.0,BIAS_NEUTRAL,,,,,,,,,,0.734,0.266357,0.733643,,,0.0,2.59,0.734,0,1,-102.7986,sl_full,2022-08-10T07:30:00+00:00,1
9b0001a0-7e23-4923-8b40-65870628247d,bt_20260427_074402,combined_eval,2022-08-05,2025-08-05,e66cf0f2d9bb45152870571b33a723a137d69894c7d3c2cd56d561d4651c9fb6,bt_20260427_074402_000017,ml_trader,EURJPY,sell,2022-08-10T07:00:00+00:00,0.103516,36.235878,2.0,BIAS_NEUTRAL,,,,,,,,,,0.84,0.160278,0.839722,,,0.0,3.4,0.84,,,,,,1
9b0001a0-7e23-4923-8b40-65870628247d__outcome,bt_20260427_074402,combined_eval,2022-08-05,2025-08-05,e66cf0f2d9bb45152870571b33a723a137d69894c7d3c2cd56d561d4651c9fb6,bt_20260427_074402_000017,ml_trader,EURJPY,sell,2022-08-10T07:00:00+00:00,0.103516,36.235878,2.0,BIAS_NEUTRAL,,,,,,,,,,0.84,0.160278,0.839722,,,0.0,3.4,0.84,1,0,374.2376,be_or_trail,2022-08-10T09:00:00+00:00,1
83b7a4c3-9a59-4fe1-997a-f6502e7b4e73,bt_20260427_074402,combined_eval,2022-08-05,2025-08-05,e66cf0f2d9bb45152870571b33a723a137d69894c7d3c2cd56d561d4651c9fb6,bt_20260427_074402_000018,ml_trader,EURUSD,sell,2022-08-10T07:00:00+00:00,0.000796,52.014099,2.0,BIAS_NEUTRAL,,,,,,,,,,0.712,0.287598,0.712402,,,0.0,2.47,0.712,,,,,,1
83b7a4c3-9a59-4fe1-997a-f6502e7b4e73__outcome,bt_20260427_074402,combined_eval,2022-08-05,2025-08-05,e66cf0f2d9bb45152870571b33a723a137d69894c7d3c2cd56d561d4651c9fb6,bt_20260427_074402_000018,ml_trader,EURUSD,sell,2022-08-10T07:00:00+00:00,0.000796,52.014099,2.0,BIAS_NEUTRAL,,,,,,,,,,0.712,0.287598,0.712402,,,0.0,2.47,0.712,0,1,-105.5157,sl_full,2022-08-10T07:15:00+00:00,1
bc2d4434-25ba-4f82-87ab-210c325ab234,bt_20260427_074402,combined_eval,2022-08-05,2025-08-05,e66cf0f2d9bb45152870571b33a723a137d69894c7d3c2cd56d561d4651c9fb6,bt_20260427_074402_000019,ml_trader,EURGBP,sell,2022-08-11T07:00:00+00:00,0.000566,67.188354,2.0,BIAS_NEUTRAL,,,,,,,,,,0.623,0.377197,0.622803,,,0.0,2.15,0.623,,,,,,1
bc2d4434-25ba-4f82-87ab-210c325ab234__outcome,bt_20260427_074402,combined_eval,2022-08-05,2025-08-05,e66cf0f2d9bb45152870571b33a723a137d69894c7d3c2cd56d561d4651c9fb6,bt_20260427_074402_000019,ml_trader,EURGBP,sell,2022-08-11T07:00:00+00:00,0.000566,67.188354,2.0,BIAS_NEUTRAL,,,,,,,,,,0.623,0.377197,0.622803,,,0.0,2.15,0.623,0,1,-104.4595,sl_full,2022-08-12T05:15:00+00:00,1
6dd09348-7b84-4f96-a8dc-ebe554f600f3,bt_20260427_074402,combined_eval,2022-08-05,2025-08-05,e66cf0f2d9bb45152870571b33a723a137d69894c7d3c2cd56d561d4651c9fb6,bt_20260427_074402_000020,ml_trader,EURJPY,sell,2022-08-11T07:00:00+00:00,0.119168,35.808113,0.0,BIAS_NEUTRAL,,,,,,,,,,0.59,0.4104,0.5896,,,0.0,2.04,0.59,,,,,,1
6dd09348-7b84-4f96-a8dc-ebe554f600f3__outcome,bt_20260427_074402,combined_eval,2022-08-05,2025-08-05,e66cf0f2d9bb45152870571b33a723a137d69894c7d3c2cd56d561d4651c9fb6,bt_20260427_074402_000020,ml_trader,EURJPY,sell,2022-08-11T07:00:00+00:00,0.119168,35.808113,0.0,BIAS_NEUTRAL,,,,,,,,,,0.59,0.4104,0.5896,,,0.0,2.04,0.59,1,0,263.5395,tp2,2022-08-11T08:30:00+00:00,1
9b075e80-eaf3-4ffd-b8dc-bfbbf9ab6bbc,bt_20260427_074402,combined_eval,2022-08-05,2025-08-05,e66cf0f2d9bb45152870571b33a723a137d69894c7d3c2cd56d561d4651c9fb6,bt_20260427_074402_000021,ml_trader,EURUSD,sell,2022-08-11T07:00:00+00:00,0.000937,42.780937,2.0,BIAS_NEUTRAL,,,,,,,,,,0.623,0.376953,0.623047,,,0.0,2.15,0.623,,,,,,1
9b075e80-eaf3-4ffd-b8dc-bfbbf9ab6bbc__outcome,bt_20260427_074402,combined_eval,2022-08-05,2025-08-05,e66cf0f2d9bb45152870571b33a723a137d69894c7d3c2cd56d561d4651c9fb6,bt_20260427_074402_000021,ml_trader,EURUSD,sell,2022-08-11T07:00:00+00:00,0.000937,42.780937,2.0,BIAS_NEUTRAL,,,,,,,,,,0.623,0.376953,0.623047,,,0.0,2.15,0.623,0,1,-106.0519,sl_full,2022-08-11T08:30:00+00:00,1
511d58e9-0778-4e46-b70e-20628baad2cb,bt_20260427_074402,combined_eval,2022-08-05,2025-08-05,e66cf0f2d9bb45152870571b33a723a137d69894c7d3c2cd56d561d4651c9fb6,bt_20260427_074402_000022,ml_trader,AUDUSD,buy,2022-08-12T07:00:00+00:00,0.000734,49.762878,0.0,BIAS_UP,,,,,,,,,,0.805,0.804688,0.195312,,,0.0,3.05,0.805,,,,,,1
511d58e9-0778-4e46-b70e-20628baad2cb__outcome,bt_20260427_074402,combined_eval,2022-08-05,2025-08-05,e66cf0f2d9bb45152870571b33a723a137d69894c7d3c2cd56d561d4651c9fb6,bt_20260427_074402_000022,ml_trader,AUDUSD,buy,2022-08-12T07:00:00+00:00,0.000734,49.762878,0.0,BIAS_UP,,,,,,,,,,0.805,0.804688,0.195312,,,0.0,3.05,0.805,0,1,-104.9903,sl_full,2022-08-15T01:15:00+00:00,1
d07c8e07-dc6f-4175-aef2-77b8660ef4d4,bt_20260427_074402,combined_eval,2022-08-05,2025-08-05,e66cf0f2d9bb45152870571b33a723a137d69894c7d3c2cd56d561d4651c9fb6,bt_20260427_074402_000023,ml_trader,EURGBP,sell,2022-08-12T07:00:00+00:00,0.000693,58.234955,2.0,BIAS_NEUTRAL,,,,,,,,,,0.827,0.173096,0.826904,,,0.0,3.27,0.827,,,,,,1
d07c8e07-dc6f-4175-aef2-77b8660ef4d4__outcome,bt_20260427_074402,combined_eval,2022-08-05,2025-08-05,e66cf0f2d9bb45152870571b33a723a137d69894c7d3c2cd56d561d4651c9fb6,bt_20260427_074402_000023,ml_trader,EURGBP,sell,2022-08-12T07:00:00+00:00,0.000693,58.234955,2.0,BIAS_NEUTRAL,,,,,,,,,,0.827,0.173096,0.826904,,,0.0,3.27,0.827,1,0,324.9919,be_or_trail,2022-08-15T09:15:00+00:00,1
aa47126f-b2f6-4d33-85e1-40f90e35f8a8,bt_20260427_074402,combined_eval,2022-08-05,2025-08-05,e66cf0f2d9bb45152870571b33a723a137d69894c7d3c2cd56d561d4651c9fb6,bt_20260427_074402_000024,ml_trader,EURJPY,sell,2022-08-12T07:00:00+00:00,0.143161,21.224321,2.0,BIAS_NEUTRAL,,,,,,,,,,0.806,0.193726,0.806274,,,0.0,3.06,0.806,,,,,,1
aa47126f-b2f6-4d33-85e1-40f90e35f8a8__outcome,bt_20260427_074402,combined_eval,2022-08-05,2025-08-05,e66cf0f2d9bb45152870571b33a723a137d69894c7d3c2cd56d561d4651c9fb6,bt_20260427_074402_000024,ml_trader,EURJPY,sell,2022-08-12T07:00:00+00:00,0.143161,21.224321,2.0,BIAS_NEUTRAL,,,,,,,,,,0.806,0.193726,0.806274,,,0.0,3.06,0.806,1,0,360.1339,be_or_trail,2022-08-15T03:15:00+00:00,1
5a98a792-481f-4f4f-9e2b-e12abbe019f4,bt_20260427_074402,combined_eval,2022-08-05,2025-08-05,e66cf0f2d9bb45152870571b33a723a137d69894c7d3c2cd56d561d4651c9fb6,bt_20260427_074402_000025,ml_trader,EURUSD,buy,2022-08-12T07:00:00+00:00,0.000889,30.553701,0.0,BIAS_NEUTRAL,,,,,,,,,,0.797,0.796875,0.203125,,,0.0,2.98,0.797,,,,,,1
5a98a792-481f-4f4f-9e2b-e12abbe019f4__outcome,bt_20260427_074402,combined_eval,2022-08-05,2025-08-05,e66cf0f2d9bb45152870571b33a723a137d69894c7d3c2cd56d561d4651c9fb6,bt_20260427_074402_000025,ml_trader,EURUSD,buy,2022-08-12T07:00:00+00:00,0.000889,30.553701,0.0,BIAS_NEUTRAL,,,,,,,,,,0.797,0.796875,0.203125,,,0.0,2.98,0.797,0,1,-110.7975,sl_full,2022-08-12T07:45:00+00:00,1
2ed83b05-9efa-41ce-b7f0-fbf65580c20c,bt_20260427_074402,combined_eval,2022-08-05,2025-08-05,e66cf0f2d9bb45152870571b33a723a137d69894c7d3c2cd56d561d4651c9fb6,bt_20260427_074402_000026,ml_trader,AUDUSD,buy,2022-08-15T07:00:00+00:00,0.000807,71.1138,-2.0,BIAS_UP,,,,,,,,,,0.776055,0.875488,0.124512,,,0.0,2.85,0.776055,,,,,,1
2ed83b05-9efa-41ce-b7f0-fbf65580c20c__outcome,bt_20260427_074402,combined_eval,2022-08-05,2025-08-05,e66cf0f2d9bb45152870571b33a723a137d69894c7d3c2cd56d561d4651c9fb6,bt_20260427_074402_000026,ml_trader,AUDUSD,buy,2022-08-15T07:00:00+00:00,0.000807,71.1138,-2.0,BIAS_UP,,,,,,,,,,0.776055,0.875488,0.124512,,,0.0,2.85,0.776055,0,1,-109.6884,sl_full,2022-08-15T08:30:00+00:00,1
1004cb6d-8cd8-4415-be4e-d3348be309bc,bt_20260427_074402,combined_eval,2022-08-05,2025-08-05,e66cf0f2d9bb45152870571b33a723a137d69894c7d3c2cd56d561d4651c9fb6,bt_20260427_074402_000027,ml_trader,EURGBP,buy,2022-08-15T07:00:00+00:00,0.000737,27.13052,-2.0,BIAS_NEUTRAL,,,,,,,,,,0.737031,0.830566,0.169434,,,0.0,2.61,0.737031,,,,,,1
1004cb6d-8cd8-4415-be4e-d3348be309bc__outcome,bt_20260427_074402,combined_eval,2022-08-05,2025-08-05,e66cf0f2d9bb45152870571b33a723a137d69894c7d3c2cd56d561d4651c9fb6,bt_20260427_074402_000027,ml_trader,EURGBP,buy,2022-08-15T07:00:00+00:00,0.000737,27.13052,-2.0,BIAS_NEUTRAL,,,,,,,,,,0.737031,0.830566,0.169434,,,0.0,2.61,0.737031,0,1,-108.5904,sl_full,2022-08-15T11:45:00+00:00,1
960898ae-0a91-4c82-8cd9-656ba62eba4b,bt_20260427_074402,combined_eval,2022-08-05,2025-08-05,e66cf0f2d9bb45152870571b33a723a137d69894c7d3c2cd56d561d4651c9fb6,bt_20260427_074402_000028,ml_trader,AUDUSD,buy,2022-08-16T07:00:00+00:00,0.000767,17.204208,-2.0,BIAS_UP,,,,,,,,,,0.704,0.704102,0.295898,,,0.0,2.44,0.704,,,,,,1
960898ae-0a91-4c82-8cd9-656ba62eba4b__outcome,bt_20260427_074402,combined_eval,2022-08-05,2025-08-05,e66cf0f2d9bb45152870571b33a723a137d69894c7d3c2cd56d561d4651c9fb6,bt_20260427_074402_000028,ml_trader,AUDUSD,buy,2022-08-16T07:00:00+00:00,0.000767,17.204208,-2.0,BIAS_UP,,,,,,,,,,0.704,0.704102,0.295898,,,0.0,2.44,0.704,0,1,-53.7517,sl_full,2022-08-16T21:30:00+00:00,1
f63bad24-d377-4534-a4ac-3ec8c49f22f2,bt_20260427_074402,combined_eval,2022-08-05,2025-08-05,e66cf0f2d9bb45152870571b33a723a137d69894c7d3c2cd56d561d4651c9fb6,bt_20260427_074402_000029,ml_trader,EURJPY,sell,2022-08-16T07:00:00+00:00,0.138811,33.846684,0.0,BIAS_DOWN,,,,,,,,,,0.738,0.262207,0.737793,,,0.0,2.61,0.738,,,,,,1
f63bad24-d377-4534-a4ac-3ec8c49f22f2__outcome,bt_20260427_074402,combined_eval,2022-08-05,2025-08-05,e66cf0f2d9bb45152870571b33a723a137d69894c7d3c2cd56d561d4651c9fb6,bt_20260427_074402_000029,ml_trader,EURJPY,sell,2022-08-16T07:00:00+00:00,0.138811,33.846684,0.0,BIAS_DOWN,,,,,,,,,,0.738,0.262207,0.737793,,,0.0,2.61,0.738,0,1,-37.4364,sl_full,2022-08-16T08:30:00+00:00,1
b0e9eac3-812e-46c8-902e-a298cedd6fee,bt_20260427_074402,combined_eval,2022-08-05,2025-08-05,e66cf0f2d9bb45152870571b33a723a137d69894c7d3c2cd56d561d4651c9fb6,bt_20260427_074402_000030,ml_trader,GBPJPY,sell,2022-08-16T07:00:00+00:00,0.180632,32.268616,0.0,BIAS_DOWN,,,,,,,,,,0.643,0.357178,0.642822,,,0.0,2.23,0.643,,,,,,1
b0e9eac3-812e-46c8-902e-a298cedd6fee__outcome,bt_20260427_074402,combined_eval,2022-08-05,2025-08-05,e66cf0f2d9bb45152870571b33a723a137d69894c7d3c2cd56d561d4651c9fb6,bt_20260427_074402_000030,ml_trader,GBPJPY,sell,2022-08-16T07:00:00+00:00,0.180632,32.268616,0.0,BIAS_DOWN,,,,,,,,,,0.643,0.357178,0.642822,,,0.0,2.23,0.643,0,1,-37.3071,sl_full,2022-08-16T08:15:00+00:00,1
948616ee-1a4d-4507-960a-113509923642,bt_20260427_074402,combined_eval,2022-08-05,2025-08-05,e66cf0f2d9bb45152870571b33a723a137d69894c7d3c2cd56d561d4651c9fb6,bt_20260427_074402_000031,ml_trader,NZDUSD,buy,2022-08-16T07:00:00+00:00,0.000617,37.669369,-2.0,BIAS_UP,,,,,,,,,,0.906,0.905762,0.094238,,,0.0,4.0,0.906,,,,,,1
948616ee-1a4d-4507-960a-113509923642__outcome,bt_20260427_074402,combined_eval,2022-08-05,2025-08-05,e66cf0f2d9bb45152870571b33a723a137d69894c7d3c2cd56d561d4651c9fb6,bt_20260427_074402_000031,ml_trader,NZDUSD,buy,2022-08-16T07:00:00+00:00,0.000617,37.669369,-2.0,BIAS_UP,,,,,,,,,,0.906,0.905762,0.094238,,,0.0,4.0,0.906,1,0,75.9736,be_or_trail,2022-08-17T03:15:00+00:00,1
ee4a0d64-3a0a-4539-b87a-df8a8d0b8349,bt_20260427_074402,combined_eval,2022-08-05,2025-08-05,e66cf0f2d9bb45152870571b33a723a137d69894c7d3c2cd56d561d4651c9fb6,bt_20260427_074402_000032,ml_trader,XAUUSD,buy,2022-08-16T07:00:00+00:00,2.007876,23.814943,-2.0,BIAS_UP,,,,,,,,,,0.905,0.905273,0.094727,,,0.0,4.0,0.905,,,,,,1
ee4a0d64-3a0a-4539-b87a-df8a8d0b8349__outcome,bt_20260427_074402,combined_eval,2022-08-05,2025-08-05,e66cf0f2d9bb45152870571b33a723a137d69894c7d3c2cd56d561d4651c9fb6,bt_20260427_074402_000032,ml_trader,XAUUSD,buy,2022-08-16T07:00:00+00:00,2.007876,23.814943,-2.0,BIAS_UP,,,,,,,,,,0.905,0.905273,0.094727,,,0.0,4.0,0.905,0,1,-106.9722,sl_full,2022-08-16T08:30:00+00:00,1
a3970e14-ec67-4d34-aa50-735204be7ab2,bt_20260427_074402,combined_eval,2022-08-05,2025-08-05,e66cf0f2d9bb45152870571b33a723a137d69894c7d3c2cd56d561d4651c9fb6,bt_20260427_074402_000033,ml_trader,EURGBP,sell,2022-08-17T07:00:00+00:00,0.000693,21.8346,0.0,BIAS_DOWN,,,,,,,,,,0.701,0.299316,0.700684,,,0.0,2.43,0.701,,,,,,1
a3970e14-ec67-4d34-aa50-735204be7ab2__outcome,bt_20260427_074402,combined_eval,2022-08-05,2025-08-05,e66cf0f2d9bb45152870571b33a723a137d69894c7d3c2cd56d561d4651c9fb6,bt_20260427_074402_000033,ml_trader,EURGBP,sell,2022-08-17T07:00:00+00:00,0.000693,21.8346,0.0,BIAS_DOWN,,,,,,,,,,0.701,0.299316,0.700684,,,0.0,2.43,0.701,0,1,-105.9069,sl_full,2022-08-17T08:45:00+00:00,1
3ca3ccc5-974c-4204-9be6-bc3522cfef52,bt_20260427_074402,combined_eval,2022-08-05,2025-08-05,e66cf0f2d9bb45152870571b33a723a137d69894c7d3c2cd56d561d4651c9fb6,bt_20260427_074402_000034,ml_trader,EURJPY,sell,2022-08-17T07:00:00+00:00,0.132543,48.645748,2.0,BIAS_DOWN,,,,,,,,,,0.646,0.354492,0.645508,,,0.0,2.24,0.646,,,,,,1
3ca3ccc5-974c-4204-9be6-bc3522cfef52__outcome,bt_20260427_074402,combined_eval,2022-08-05,2025-08-05,e66cf0f2d9bb45152870571b33a723a137d69894c7d3c2cd56d561d4651c9fb6,bt_20260427_074402_000034,ml_trader,EURJPY,sell,2022-08-17T07:00:00+00:00,0.132543,48.645748,2.0,BIAS_DOWN,,,,,,,,,,0.646,0.354492,0.645508,,,0.0,2.24,0.646,0,1,-104.8476,sl_full,2022-08-17T08:15:00+00:00,1
6ee55a3c-d94c-487c-838f-af6323a7ff80,bt_20260427_074402,combined_eval,2022-08-05,2025-08-05,e66cf0f2d9bb45152870571b33a723a137d69894c7d3c2cd56d561d4651c9fb6,bt_20260427_074402_000035,ml_trader,EURGBP,buy,2022-08-18T07:00:00+00:00,0.000652,28.827555,0.0,BIAS_NEUTRAL,,,,,,,,,,0.875,0.875,0.125,,,0.0,3.75,0.875,,,,,,1
6ee55a3c-d94c-487c-838f-af6323a7ff80__outcome,bt_20260427_074402,combined_eval,2022-08-05,2025-08-05,e66cf0f2d9bb45152870571b33a723a137d69894c7d3c2cd56d561d4651c9fb6,bt_20260427_074402_000035,ml_trader,EURGBP,buy,2022-08-18T07:00:00+00:00,0.000652,28.827555,0.0,BIAS_NEUTRAL,,,,,,,,,,0.875,0.875,0.125,,,0.0,3.75,0.875,0,1,-51.8986,sl_full,2022-08-18T09:45:00+00:00,1
e1b97c32-6cb7-481d-94a7-28df15f0bdb2,bt_20260427_074402,combined_eval,2022-08-05,2025-08-05,e66cf0f2d9bb45152870571b33a723a137d69894c7d3c2cd56d561d4651c9fb6,bt_20260427_074402_000036,ml_trader,EURJPY,buy,2022-08-18T07:00:00+00:00,0.128451,25.263592,2.0,BIAS_NEUTRAL,,,,,,,,,,0.704,0.704102,0.295898,,,0.0,2.44,0.704,,,,,,1
e1b97c32-6cb7-481d-94a7-28df15f0bdb2__outcome,bt_20260427_074402,combined_eval,2022-08-05,2025-08-05,e66cf0f2d9bb45152870571b33a723a137d69894c7d3c2cd56d561d4651c9fb6,bt_20260427_074402_000036,ml_trader,EURJPY,buy,2022-08-18T07:00:00+00:00,0.128451,25.263592,2.0,BIAS_NEUTRAL,,,,,,,,,,0.704,0.704102,0.295898,,,0.0,2.44,0.704,0,1,-36.1464,sl_full,2022-08-18T07:45:00+00:00,1
81e8644b-d836-4574-aefe-4670e73cd3c4,bt_20260427_074402,combined_eval,2022-08-05,2025-08-05,e66cf0f2d9bb45152870571b33a723a137d69894c7d3c2cd56d561d4651c9fb6,bt_20260427_074402_000037,ml_trader,EURUSD,sell,2022-08-18T07:00:00+00:00,0.000882,32.289566,-2.0,BIAS_DOWN,,,,,,,,,,0.698,0.30249,0.69751,,,0.0,2.42,0.698,,,,,,1
81e8644b-d836-4574-aefe-4670e73cd3c4__outcome,bt_20260427_074402,combined_eval,2022-08-05,2025-08-05,e66cf0f2d9bb45152870571b33a723a137d69894c7d3c2cd56d561d4651c9fb6,bt_20260427_074402_000037,ml_trader,EURUSD,sell,2022-08-18T07:00:00+00:00,0.000882,32.289566,-2.0,BIAS_DOWN,,,,,,,,,,0.698,0.30249,0.69751,,,0.0,2.42,0.698,1,0,112.5875,tp2,2022-08-18T10:00:00+00:00,1
b5f9149a-88e1-47b1-a194-605f4a864af3,bt_20260427_074402,combined_eval,2022-08-05,2025-08-05,e66cf0f2d9bb45152870571b33a723a137d69894c7d3c2cd56d561d4651c9fb6,bt_20260427_074402_000038,ml_trader,GBPUSD,sell,2022-08-18T07:00:00+00:00,0.001231,33.581993,0.0,BIAS_DOWN,,,,,,,,,,0.686,0.314453,0.685547,,,0.0,2.38,0.686,,,,,,1
b5f9149a-88e1-47b1-a194-605f4a864af3__outcome,bt_20260427_074402,combined_eval,2022-08-05,2025-08-05,e66cf0f2d9bb45152870571b33a723a137d69894c7d3c2cd56d561d4651c9fb6,bt_20260427_074402_000038,ml_trader,GBPUSD,sell,2022-08-18T07:00:00+00:00,0.001231,33.581993,0.0,BIAS_DOWN,,,,,,,,,,0.686,0.314453,0.685547,,,0.0,2.38,0.686,1,0,318.5538,tp2,2022-08-18T11:45:00+00:00,1
35d12529-e8cb-4770-aefa-75fce76d0fd0,bt_20260427_074402,combined_eval,2022-08-05,2025-08-05,e66cf0f2d9bb45152870571b33a723a137d69894c7d3c2cd56d561d4651c9fb6,bt_20260427_074402_000039,ml_trader,USDCAD,buy,2022-08-18T07:00:00+00:00,0.000806,53.284431,0.0,BIAS_NEUTRAL,,,,,,,,,,0.878,0.87793,0.12207,,,0.0,3.78,0.878,,,,,,1
35d12529-e8cb-4770-aefa-75fce76d0fd0__outcome,bt_20260427_074402,combined_eval,2022-08-05,2025-08-05,e66cf0f2d9bb45152870571b33a723a137d69894c7d3c2cd56d561d4651c9fb6,bt_20260427_074402_000039,ml_trader,USDCAD,buy,2022-08-18T07:00:00+00:00,0.000806,53.284431,0.0,BIAS_NEUTRAL,,,,,,,,,,0.878,0.87793,0.12207,,,0.0,3.78,0.878,1,0,412.8828,be_or_trail,2022-08-18T13:15:00+00:00,1
48d3b9ee-5e29-4c05-8bac-ad8ae5f29396,bt_20260427_074402,combined_eval,2022-08-05,2025-08-05,e66cf0f2d9bb45152870571b33a723a137d69894c7d3c2cd56d561d4651c9fb6,bt_20260427_074402_000040,ml_trader,USDJPY,buy,2022-08-18T07:00:00+00:00,0.107944,26.394487,2.0,BIAS_NEUTRAL,,,,,,,,,,0.771,0.771484,0.228516,,,0.0,2.82,0.771,,,,,,1
48d3b9ee-5e29-4c05-8bac-ad8ae5f29396__outcome,bt_20260427_074402,combined_eval,2022-08-05,2025-08-05,e66cf0f2d9bb45152870571b33a723a137d69894c7d3c2cd56d561d4651c9fb6,bt_20260427_074402_000040,ml_trader,USDJPY,buy,2022-08-18T07:00:00+00:00,0.107944,26.394487,2.0,BIAS_NEUTRAL,,,,,,,,,,0.771,0.771484,0.228516,,,0.0,2.82,0.771,0,1,-111.3652,sl_full,2022-08-18T07:30:00+00:00,1
e1cecd6e-4c33-4625-8920-e40afd567ca7,bt_20260427_074402,combined_eval,2022-08-05,2025-08-05,e66cf0f2d9bb45152870571b33a723a137d69894c7d3c2cd56d561d4651c9fb6,bt_20260427_074402_000041,ml_trader,GBPJPY,buy,2022-08-18T08:00:00+00:00,0.171098,35.411842,2.0,BIAS_NEUTRAL,,,,,,,,,,0.6,0.600098,0.399902,,,0.0,2.07,0.6,,,,,,1
e1cecd6e-4c33-4625-8920-e40afd567ca7__outcome,bt_20260427_074402,combined_eval,2022-08-05,2025-08-05,e66cf0f2d9bb45152870571b33a723a137d69894c7d3c2cd56d561d4651c9fb6,bt_20260427_074402_000041,ml_trader,GBPJPY,buy,2022-08-18T08:00:00+00:00,0.171098,35.411842,2.0,BIAS_NEUTRAL,,,,,,,,,,0.6,0.600098,0.399902,,,0.0,2.07,0.6,0,1,-110.2492,sl_full,2022-08-18T09:30:00+00:00,1
d611097e-084c-4922-985a-216d2f065837,bt_20260427_074402,combined_eval,2022-08-05,2025-08-05,e66cf0f2d9bb45152870571b33a723a137d69894c7d3c2cd56d561d4651c9fb6,bt_20260427_074402_000042,ml_trader,AUDUSD,buy,2022-08-19T07:00:00+00:00,0.00067,33.408279,-2.0,BIAS_NEUTRAL,,,,,,,,,,0.768,0.767578,0.232422,,,0.0,2.8,0.768,,,,,,1
d611097e-084c-4922-985a-216d2f065837__outcome,bt_20260427_074402,combined_eval,2022-08-05,2025-08-05,e66cf0f2d9bb45152870571b33a723a137d69894c7d3c2cd56d561d4651c9fb6,bt_20260427_074402_000042,ml_trader,AUDUSD,buy,2022-08-19T07:00:00+00:00,0.00067,33.408279,-2.0,BIAS_NEUTRAL,,,,,,,,,,0.768,0.767578,0.232422,,,0.0,2.8,0.768,0,1,-109.1462,sl_full,2022-08-19T07:30:00+00:00,1
a2487a39-d931-4f7e-a0a3-962796bfb6d2,bt_20260427_074402,combined_eval,2022-08-05,2025-08-05,e66cf0f2d9bb45152870571b33a723a137d69894c7d3c2cd56d561d4651c9fb6,bt_20260427_074402_000043,ml_trader,EURGBP,buy,2022-08-19T07:00:00+00:00,0.000752,30.496431,2.0,BIAS_NEUTRAL,,,,,,,,,,0.78,0.779785,0.220215,,,0.0,2.88,0.78,,,,,,1
a2487a39-d931-4f7e-a0a3-962796bfb6d2__outcome,bt_20260427_074402,combined_eval,2022-08-05,2025-08-05,e66cf0f2d9bb45152870571b33a723a137d69894c7d3c2cd56d561d4651c9fb6,bt_20260427_074402_000043,ml_trader,EURGBP,buy,2022-08-19T07:00:00+00:00,0.000752,30.496431,2.0,BIAS_NEUTRAL,,,,,,,,,,0.78,0.779785,0.220215,,,0.0,2.88,0.78,0,1,-54.0268,sl_full,2022-08-22T01:30:00+00:00,1
fb989f0e-04c9-43c8-aa72-35952ac87632,bt_20260427_074402,combined_eval,2022-08-05,2025-08-05,e66cf0f2d9bb45152870571b33a723a137d69894c7d3c2cd56d561d4651c9fb6,bt_20260427_074402_000044,ml_trader,EURJPY,buy,2022-08-19T07:00:00+00:00,0.13105,25.836929,2.0,BIAS_NEUTRAL,,,,,,,,,,0.662,0.661621,0.338379,,,0.0,2.29,0.662,,,,,,1
fb989f0e-04c9-43c8-aa72-35952ac87632__outcome,bt_20260427_074402,combined_eval,2022-08-05,2025-08-05,e66cf0f2d9bb45152870571b33a723a137d69894c7d3c2cd56d561d4651c9fb6,bt_20260427_074402_000044,ml_trader,EURJPY,buy,2022-08-19T07:00:00+00:00,0.13105,25.836929,2.0,BIAS_NEUTRAL,,,,,,,,,,0.662,0.661621,0.338379,,,0.0,2.29,0.662,0,1,-37.6301,sl_full,2022-08-19T12:00:00+00:00,1
4f6e8fbf-6c94-4243-812d-fff6990a5484,bt_20260427_074402,combined_eval,2022-08-05,2025-08-05,e66cf0f2d9bb45152870571b33a723a137d69894c7d3c2cd56d561d4651c9fb6,bt_20260427_074402_000045,ml_trader,AUDUSD,sell,2022-08-22T07:00:00+00:00,0.000907,40.094074,0.0,BIAS_NEUTRAL,,,,,,,,,,0.751222,0.15332,0.84668,,,0.0,2.69,0.751222,,,,,,1
4f6e8fbf-6c94-4243-812d-fff6990a5484__outcome,bt_20260427_074402,combined_eval,2022-08-05,2025-08-05,e66cf0f2d9bb45152870571b33a723a137d69894c7d3c2cd56d561d4651c9fb6,bt_20260427_074402_000045,ml_trader,AUDUSD,sell,2022-08-22T07:00:00+00:00,0.000907,40.094074,0.0,BIAS_NEUTRAL,,,,,,,,,,0.751222,0.15332,0.84668,,,0.0,2.69,0.751222,1,0,94.7724,be_or_trail,2022-08-23T03:30:00+00:00,1
962de89e-f1de-489b-8372-7dd93068cc27,bt_20260427_074402,combined_eval,2022-08-05,2025-08-05,e66cf0f2d9bb45152870571b33a723a137d69894c7d3c2cd56d561d4651c9fb6,bt_20260427_074402_000046,ml_trader,EURGBP,buy,2022-08-22T07:00:00+00:00,0.000626,20.69492,0.0,BIAS_NEUTRAL,,,,,,,,,,0.687363,0.774902,0.225098,,,0.0,2.38,0.687363,,,,,,1
962de89e-f1de-489b-8372-7dd93068cc27__outcome,bt_20260427_074402,combined_eval,2022-08-05,2025-08-05,e66cf0f2d9bb45152870571b33a723a137d69894c7d3c2cd56d561d4651c9fb6,bt_20260427_074402_000046,ml_trader,EURGBP,buy,2022-08-22T07:00:00+00:00,0.000626,20.69492,0.0,BIAS_NEUTRAL,,,,,,,,,,0.687363,0.774902,0.225098,,,0.0,2.38,0.687363,0,1,-108.0849,sl_full,2022-08-22T07:45:00+00:00,1
37be3d15-6eb3-4feb-b8b7-fcd7e66e7f93,bt_20260427_074402,combined_eval,2022-08-05,2025-08-05,e66cf0f2d9bb45152870571b33a723a137d69894c7d3c2cd56d561d4651c9fb6,bt_20260427_074402_000047,ml_trader,EURJPY,sell,2022-08-22T07:00:00+00:00,0.176386,24.755493,-2.0,BIAS_NEUTRAL,,,,,,,,,,0.666964,0.247803,0.752197,,,0.0,2.31,0.666964,,,,,,1
37be3d15-6eb3-4feb-b8b7-fcd7e66e7f93__outcome,bt_20260427_074402,combined_eval,2022-08-05,2025-08-05,e66cf0f2d9bb45152870571b33a723a137d69894c7d3c2cd56d561d4651c9fb6,bt_20260427_074402_000047,ml_trader,EURJPY,sell,2022-08-22T07:00:00+00:00,0.176386,24.755493,-2.0,BIAS_NEUTRAL,,,,,,,,,,0.666964,0.247803,0.752197,,,0.0,2.31,0.666964,1,0,216.2858,be_or_trail,2022-08-22T23:15:00+00:00,1
3c28579e-06f1-415a-b182-c78d0545c51f,bt_20260427_074402,combined_eval,2022-08-05,2025-08-05,e66cf0f2d9bb45152870571b33a723a137d69894c7d3c2cd56d561d4651c9fb6,bt_20260427_074402_000048,ml_trader,EURUSD,sell,2022-08-22T07:00:00+00:00,0.000911,29.40728,-2.0,BIAS_DOWN,,,,,,,,,,0.715,0.284668,0.715332,,,0.0,2.48,0.715,,,,,,1
3c28579e-06f1-415a-b182-c78d0545c51f__outcome,bt_20260427_074402,combined_eval,2022-08-05,2025-08-05,e66cf0f2d9bb45152870571b33a723a137d69894c7d3c2cd56d561d4651c9fb6,bt_20260427_074402_000048,ml_trader,EURUSD,sell,2022-08-22T07:00:00+00:00,0.000911,29.40728,-2.0,BIAS_DOWN,,,,,,,,,,0.715,0.284668,0.715332,,,0.0,2.48,0.715,1,0,351.1523,tp2,2022-08-22T11:15:00+00:00,1
794610fc-da61-4189-804f-8c76b5c8c965,bt_20260427_074402,combined_eval,2022-08-05,2025-08-05,e66cf0f2d9bb45152870571b33a723a137d69894c7d3c2cd56d561d4651c9fb6,bt_20260427_074402_000049,ml_trader,GBPJPY,sell,2022-08-22T07:00:00+00:00,0.21296,20.437105,-2.0,BIAS_DOWN,,,,,,,,,,0.635,0.36499,0.63501,,,0.0,2.2,0.635,,,,,,1
794610fc-da61-4189-804f-8c76b5c8c965__outcome,bt_20260427_074402,combined_eval,2022-08-05,2025-08-05,e66cf0f2d9bb45152870571b33a723a137d69894c7d3c2cd56d561d4651c9fb6,bt_20260427_074402_000049,ml_trader,GBPJPY,sell,2022-08-22T07:00:00+00:00,0.21296,20.437105,-2.0,BIAS_DOWN,,,,,,,,,,0.635,0.36499,0.63501,,,0.0,2.2,0.635,0,1,-112.6825,sl_full,2022-08-22T08:15:00+00:00,1
627c4cd1-4cba-4988-a60f-d7a1fa08d6a0,bt_20260427_074402,combined_eval,2022-08-05,2025-08-05,e66cf0f2d9bb45152870571b33a723a137d69894c7d3c2cd56d561d4651c9fb6,bt_20260427_074402_000050,ml_trader,EURGBP,buy,2022-08-23T07:00:00+00:00,0.000813,18.50061,-2.0,BIAS_NEUTRAL,,,,,,,,,,0.66,0.660156,0.339844,,,0.0,2.29,0.66,,,,,,1
627c4cd1-4cba-4988-a60f-d7a1fa08d6a0__outcome,bt_20260427_074402,combined_eval,2022-08-05,2025-08-05,e66cf0f2d9bb45152870571b33a723a137d69894c7d3c2cd56d561d4651c9fb6,bt_20260427_074402_000050,ml_trader,EURGBP,buy,2022-08-23T07:00:00+00:00,0.000813,18.50061,-2.0,BIAS_NEUTRAL,,,,,,,,,,0.66,0.660156,0.339844,,,0.0,2.29,0.66,0,1,-111.555,sl_full,2022-08-23T11:45:00+00:00,1
a167de40-def1-4aed-a4cb-49f2f4e4281c,bt_20260427_074402,combined_eval,2022-08-05,2025-08-05,e66cf0f2d9bb45152870571b33a723a137d69894c7d3c2cd56d561d4651c9fb6,bt_20260427_074402_000051,ml_trader,EURUSD,sell,2022-08-23T07:00:00+00:00,0.001104,21.844585,-2.0,BIAS_DOWN,,,,,,,,,,0.844,0.156128,0.843872,,,0.0,3.44,0.844,,,,,,1
a167de40-def1-4aed-a4cb-49f2f4e4281c__outcome,bt_20260427_074402,combined_eval,2022-08-05,2025-08-05,e66cf0f2d9bb45152870571b33a723a137d69894c7d3c2cd56d561d4651c9fb6,bt_20260427_074402_000051,ml_trader,EURUSD,sell,2022-08-23T07:00:00+00:00,0.001104,21.844585,-2.0,BIAS_DOWN,,,,,,,,,,0.844,0.156128,0.843872,,,0.0,3.44,0.844,0,1,-110.4384,sl_full,2022-08-23T09:15:00+00:00,1
e25868d2-6aa7-4917-bc7e-bca7ecc21bce,bt_20260427_074402,combined_eval,2022-08-05,2025-08-05,e66cf0f2d9bb45152870571b33a723a137d69894c7d3c2cd56d561d4651c9fb6,bt_20260427_074402_000052,ml_trader,EURGBP,sell,2022-08-24T07:00:00+00:00,0.000553,33.955467,-2.0,BIAS_DOWN,,,,,,,,,,0.757,0.243408,0.756592,,,0.0,2.73,0.757,,,,,,1
e25868d2-6aa7-4917-bc7e-bca7ecc21bce__outcome,bt_20260427_074402,combined_eval,2022-08-05,2025-08-05,e66cf0f2d9bb45152870571b33a723a137d69894c7d3c2cd56d561d4651c9fb6,bt_20260427_074402_000052,ml_trader,EURGBP,sell,2022-08-24T07:00:00+00:00,0.000553,33.955467,-2.0,BIAS_DOWN,,,,,,,,,,0.757,0.243408,0.756592,,,0.0,2.73,0.757,0,1,-54.6664,sl_full,2022-08-24T07:30:00+00:00,1
f5ba8f52-afcc-4006-a5fa-903dd9700169,bt_20260427_074402,combined_eval,2022-08-05,2025-08-05,e66cf0f2d9bb45152870571b33a723a137d69894c7d3c2cd56d561d4651c9fb6,bt_20260427_074402_000053,ml_trader,USDCHF,buy,2022-08-24T07:00:00+00:00,0.000899,43.243706,0.0,BIAS_NEUTRAL,,,,,,,,,,0.639,0.63916,0.36084,,,0.0,2.21,0.639,,,,,,1
f5ba8f52-afcc-4006-a5fa-903dd9700169__outcome,bt_20260427_074402,combined_eval,2022-08-05,2025-08-05,e66cf0f2d9bb45152870571b33a723a137d69894c7d3c2cd56d561d4651c9fb6,bt_20260427_074402_000053,ml_trader,USDCHF,buy,2022-08-24T07:00:00+00:00,0.000899,43.243706,0.0,BIAS_NEUTRAL,,,,,,,,,,0.639,0.63916,0.36084,,,0.0,2.21,0.639,1,0,106.9943,tp2,2022-08-24T10:00:00+00:00,1
ed10c636-d09f-4755-ba35-6fd96f5b8e5e,bt_20260427_074402,combined_eval,2022-08-05,2025-08-05,e66cf0f2d9bb45152870571b33a723a137d69894c7d3c2cd56d561d4651c9fb6,bt_20260427_074402_000054,ml_trader,GBPJPY,sell,2022-08-24T07:30:00+00:00,0.165681,28.989323,-2.0,BIAS_NEUTRAL,,,,,,,,,,0.587,0.412598,0.587402,,,0.0,2.02,0.587,,,,,,1
ed10c636-d09f-4755-ba35-6fd96f5b8e5e__outcome,bt_20260427_074402,combined_eval,2022-08-05,2025-08-05,e66cf0f2d9bb45152870571b33a723a137d69894c7d3c2cd56d561d4651c9fb6,bt_20260427_074402_000054,ml_trader,GBPJPY,sell,2022-08-24T07:30:00+00:00,0.165681,28.989323,-2.0,BIAS_NEUTRAL,,,,,,,,,,0.587,0.412598,0.587402,,,0.0,2.02,0.587,0,1,-109.857,sl_full,2022-08-24T09:15:00+00:00,1
8c3887a5-0d31-459f-904b-c9d52438ba80,bt_20260427_074402,combined_eval,2022-08-05,2025-08-05,e66cf0f2d9bb45152870571b33a723a137d69894c7d3c2cd56d561d4651c9fb6,bt_20260427_074402_000055,ml_trader,USDCAD,buy,2022-08-24T07:30:00+00:00,0.000931,35.399441,0.0,BIAS_UP,,,,,,,,,,0.607,0.607422,0.392578,,,0.0,2.1,0.607,,,,,,1
8c3887a5-0d31-459f-904b-c9d52438ba80__outcome,bt_20260427_074402,combined_eval,2022-08-05,2025-08-05,e66cf0f2d9bb45152870571b33a723a137d69894c7d3c2cd56d561d4651c9fb6,bt_20260427_074402_000055,ml_trader,USDCAD,buy,2022-08-24T07:30:00+00:00,0.000931,35.399441,0.0,BIAS_UP,,,,,,,,,,0.607,0.607422,0.392578,,,0.0,2.1,0.607,0,1,-108.757,sl_full,2022-08-24T10:30:00+00:00,1
5120f0a5-a287-4c3e-b797-028a8e9ddad0,bt_20260427_074402,combined_eval,2022-08-05,2025-08-05,e66cf0f2d9bb45152870571b33a723a137d69894c7d3c2cd56d561d4651c9fb6,bt_20260427_074402_000056,ml_trader,AUDUSD,sell,2022-08-25T07:00:00+00:00,0.000844,28.576244,2.0,BIAS_DOWN,,,,,,,,,,0.766,0.233521,0.766479,,,0.0,2.79,0.766,,,,,,1
5120f0a5-a287-4c3e-b797-028a8e9ddad0__outcome,bt_20260427_074402,combined_eval,2022-08-05,2025-08-05,e66cf0f2d9bb45152870571b33a723a137d69894c7d3c2cd56d561d4651c9fb6,bt_20260427_074402_000056,ml_trader,AUDUSD,sell,2022-08-25T07:00:00+00:00,0.000844,28.576244,2.0,BIAS_DOWN,,,,,,,,,,0.766,0.233521,0.766479,,,0.0,2.79,0.766,0,1,-107.6684,sl_full,2022-08-26T08:30:00+00:00,1
6a4b1ee9-7a84-4b56-bb4e-86d4ed0ec980,bt_20260427_074402,combined_eval,2022-08-05,2025-08-05,e66cf0f2d9bb45152870571b33a723a137d69894c7d3c2cd56d561d4651c9fb6,bt_20260427_074402_000057,ml_trader,EURGBP,buy,2022-08-25T07:00:00+00:00,0.000517,19.907072,0.0,BIAS_NEUTRAL,,,,,,,,,,0.714,0.714355,0.285645,,,0.0,2.48,0.714,,,,,,1
6a4b1ee9-7a84-4b56-bb4e-86d4ed0ec980__outcome,bt_20260427_074402,combined_eval,2022-08-05,2025-08-05,e66cf0f2d9bb45152870571b33a723a137d69894c7d3c2cd56d561d4651c9fb6,bt_20260427_074402_000057,ml_trader,EURGBP,buy,2022-08-25T07:00:00+00:00,0.000517,19.907072,0.0,BIAS_NEUTRAL,,,,,,,,,,0.714,0.714355,0.285645,,,0.0,2.48,0.714,0,1,-53.2953,sl_full,2022-08-25T07:30:00+00:00,1
5e72a202-062b-464f-8070-f86166994431,bt_20260427_074402,combined_eval,2022-08-05,2025-08-05,e66cf0f2d9bb45152870571b33a723a137d69894c7d3c2cd56d561d4651c9fb6,bt_20260427_074402_000058,ml_trader,USDJPY,buy,2022-08-25T07:00:00+00:00,0.113226,21.963463,-2.0,BIAS_UP,,,,,,,,,,0.854,0.854492,0.145508,,,0.0,3.54,0.854,,,,,,1
5e72a202-062b-464f-8070-f86166994431__outcome,bt_20260427_074402,combined_eval,2022-08-05,2025-08-05,e66cf0f2d9bb45152870571b33a723a137d69894c7d3c2cd56d561d4651c9fb6,bt_20260427_074402_000058,ml_trader,USDJPY,buy,2022-08-25T07:00:00+00:00,0.113226,21.963463,-2.0,BIAS_UP,,,,,,,,,,0.854,0.854492,0.145508,,,0.0,3.54,0.854,0,1,-37.1191,sl_full,2022-08-26T10:00:00+00:00,1
07bf64e3-c8fb-4e95-8905-eb6988dfbbbe,bt_20260427_074402,combined_eval,2022-08-05,2025-08-05,e66cf0f2d9bb45152870571b33a723a137d69894c7d3c2cd56d561d4651c9fb6,bt_20260427_074402_000059,ml_trader,EURUSD,sell,2022-08-25T07:15:00+00:00,0.001157,23.591314,2.0,BIAS_DOWN,,,,,,,,,,0.642,0.357666,0.642334,,,0.0,2.22,0.642,,,,,,1
07bf64e3-c8fb-4e95-8905-eb6988dfbbbe__outcome,bt_20260427_074402,combined_eval,2022-08-05,2025-08-05,e66cf0f2d9bb45152870571b33a723a137d69894c7d3c2cd56d561d4651c9fb6,bt_20260427_074402_000059,ml_trader,EURUSD,sell,2022-08-25T07:15:00+00:00,0.001157,23.591314,2.0,BIAS_DOWN,,,,,,,,,,0.642,0.357666,0.642334,,,0.0,2.22,0.642,1,0,41.9447,be_or_trail,2022-08-26T04:45:00+00:00,1
db8692ac-21e9-4360-974e-93ce293e61de,bt_20260427_074402,combined_eval,2022-08-05,2025-08-05,e66cf0f2d9bb45152870571b33a723a137d69894c7d3c2cd56d561d4651c9fb6,bt_20260427_074402_000060,ml_trader,USDCAD,buy,2022-08-25T07:15:00+00:00,0.000794,24.244768,-2.0,BIAS_UP,,,,,,,,,,0.680268,0.76709,0.23291,,,0.0,2.36,0.680268,,,,,,1
db8692ac-21e9-4360-974e-93ce293e61de__outcome,bt_20260427_074402,combined_eval,2022-08-05,2025-08-05,e66cf0f2d9bb45152870571b33a723a137d69894c7d3c2cd56d561d4651c9fb6,bt_20260427_074402_000060,ml_trader,USDCAD,buy,2022-08-25T07:15:00+00:00,0.000794,24.244768,-2.0,BIAS_UP,,,,,,,,,,0.680268,0.76709,0.23291,,,0.0,2.36,0.680268,1,0,128.4831,be_or_trail,2022-08-25T10:30:00+00:00,1
d7b9cbed-6eac-40f3-927d-8f59fc6a798c,bt_20260427_074402,combined_eval,2022-08-05,2025-08-05,e66cf0f2d9bb45152870571b33a723a137d69894c7d3c2cd56d561d4651c9fb6,bt_20260427_074402_000061,ml_trader,GBPJPY,buy,2022-08-25T07:45:00+00:00,0.152603,28.047607,-2.0,BIAS_NEUTRAL,,,,,,,,,,0.67,0.669922,0.330078,,,0.0,2.32,0.67,,,,,,1
d7b9cbed-6eac-40f3-927d-8f59fc6a798c__outcome,bt_20260427_074402,combined_eval,2022-08-05,2025-08-05,e66cf0f2d9bb45152870571b33a723a137d69894c7d3c2cd56d561d4651c9fb6,bt_20260427_074402_000061,ml_trader,GBPJPY,buy,2022-08-25T07:45:00+00:00,0.152603,28.047607,-2.0,BIAS_NEUTRAL,,,,,,,,,,0.67,0.669922,0.330078,,,0.0,2.32,0.67,1,0,230.2104,be_or_trail,2022-08-26T09:15:00+00:00,1
c481a927-75a7-4819-97db-cb11aa13f5ae,bt_20260427_074402,combined_eval,2022-08-05,2025-08-05,e66cf0f2d9bb45152870571b33a723a137d69894c7d3c2cd56d561d4651c9fb6,bt_20260427_074402_000062,ml_trader,USDCHF,sell,2022-08-25T07:45:00+00:00,0.000822,28.250641,-2.0,BIAS_NEUTRAL,,,,,,,,,,0.583,0.41748,0.58252,,,0.0,2.01,0.583,,,,,,1
c481a927-75a7-4819-97db-cb11aa13f5ae__outcome,bt_20260427_074402,combined_eval,2022-08-05,2025-08-05,e66cf0f2d9bb45152870571b33a723a137d69894c7d3c2cd56d561d4651c9fb6,bt_20260427_074402_000062,ml_trader,USDCHF,sell,2022-08-25T07:45:00+00:00,0.000822,28.250641,-2.0,BIAS_NEUTRAL,,,,,,,,,,0.583,0.41748,0.58252,,,0.0,2.01,0.583,0,1,-109.6959,sl_full,2022-08-25T08:30:00+00:00,1
d1adb36d-4153-4df4-ba3f-c8185528131d,bt_20260427_074402,combined_eval,2022-08-05,2025-08-05,e66cf0f2d9bb45152870571b33a723a137d69894c7d3c2cd56d561d4651c9fb6,bt_20260427_074402_000063,ml_trader,AUDUSD,sell,2022-08-26T07:00:00+00:00,0.000636,56.356621,2.0,BIAS_DOWN,,,,,,,,,,0.652,0.348145,0.651855,,,0.0,2.26,0.652,,,,,,1
d1adb36d-4153-4df4-ba3f-c8185528131d__outcome,bt_20260427_074402,combined_eval,2022-08-05,2025-08-05,e66cf0f2d9bb45152870571b33a723a137d69894c7d3c2cd56d561d4651c9fb6,bt_20260427_074402_000063,ml_trader,AUDUSD,sell,2022-08-26T07:00:00+00:00,0.000636,56.356621,2.0,BIAS_DOWN,,,,,,,,,,0.652,0.348145,0.651855,,,0.0,2.26,0.652,0,1,-108.5979,sl_full,2022-08-26T08:30:00+00:00,1
ae114592-3542-42c1-b324-fc66a24dfc30,bt_20260427_074402,combined_eval,2022-08-05,2025-08-05,e66cf0f2d9bb45152870571b33a723a137d69894c7d3c2cd56d561d4651c9fb6,bt_20260427_074402_000064,ml_trader,GBPJPY,sell,2022-08-26T07:00:00+00:00,0.139175,41.873775,2.0,BIAS_NEUTRAL,,,,,,,,,,0.656321,0.260498,0.739502,,,0.0,2.27,0.656321,,,,,,1
ae114592-3542-42c1-b324-fc66a24dfc30__outcome,bt_20260427_074402,combined_eval,2022-08-05,2025-08-05,e66cf0f2d9bb45152870571b33a723a137d69894c7d3c2cd56d561d4651c9fb6,bt_20260427_074402_000064,ml_trader,GBPJPY,sell,2022-08-26T07:00:00+00:00,0.139175,41.873775,2.0,BIAS_NEUTRAL,,,,,,,,,,0.656321,0.260498,0.739502,,,0.0,2.27,0.656321,0,1,-107.5117,sl_full,2022-08-26T09:15:00+00:00,1
d18e52d5-8489-47ff-9b58-3b4dc5b18119,bt_20260427_074402,combined_eval,2022-08-05,2025-08-05,e66cf0f2d9bb45152870571b33a723a137d69894c7d3c2cd56d561d4651c9fb6,bt_20260427_074402_000065,ml_trader,AUDUSD,sell,2022-08-29T07:00:00+00:00,0.000706,31.281988,-2.0,BIAS_DOWN,,,,,,,,,,0.666077,0.248535,0.751465,,,0.0,2.31,0.666077,,,,,,1
d18e52d5-8489-47ff-9b58-3b4dc5b18119__outcome,bt_20260427_074402,combined_eval,2022-08-05,2025-08-05,e66cf0f2d9bb45152870571b33a723a137d69894c7d3c2cd56d561d4651c9fb6,bt_20260427_074402_000065,ml_trader,AUDUSD,sell,2022-08-29T07:00:00+00:00,0.000706,31.281988,-2.0,BIAS_DOWN,,,,,,,,,,0.666077,0.248535,0.751465,,,0.0,2.31,0.666077,0,1,-53.2173,sl_full,2022-08-29T07:45:00+00:00,1
24f32773-1da0-45e2-b499-e1961d16f3a1,bt_20260427_074402,combined_eval,2022-08-05,2025-08-05,e66cf0f2d9bb45152870571b33a723a137d69894c7d3c2cd56d561d4651c9fb6,bt_20260427_074402_000066,ml_trader,EURJPY,buy,2022-08-29T07:00:00+00:00,0.138323,52.637142,2.0,BIAS_NEUTRAL,,,,,,,,,,0.734,0.733887,0.266113,,,0.0,2.59,0.734,,,,,,1
24f32773-1da0-45e2-b499-e1961d16f3a1__outcome,bt_20260427_074402,combined_eval,2022-08-05,2025-08-05,e66cf0f2d9bb45152870571b33a723a137d69894c7d3c2cd56d561d4651c9fb6,bt_20260427_074402_000066,ml_trader,EURJPY,buy,2022-08-29T07:00:00+00:00,0.138323,52.637142,2.0,BIAS_NEUTRAL,,,,,,,,,,0.734,0.733887,0.266113,,,0.0,2.59,0.734,1,0,48.6354,be_or_trail,2022-08-30T03:00:00+00:00,1
0f30f4b6-418f-4e04-b38e-838b7a760868,bt_20260427_074402,combined_eval,2022-08-05,2025-08-05,e66cf0f2d9bb45152870571b33a723a137d69894c7d3c2cd56d561d4651c9fb6,bt_20260427_074402_000067,ml_trader,EURUSD,sell,2022-08-29T07:00:00+00:00,0.001258,50.000679,-2.0,BIAS_DOWN,,,,,,,,,,0.88,0.11969,0.88031,,,0.0,3.8,0.88,,,,,,1
0f30f4b6-418f-4e04-b38e-838b7a760868__outcome,bt_20260427_074402,combined_eval,2022-08-05,2025-08-05,e66cf0f2d9bb45152870571b33a723a137d69894c7d3c2cd56d561d4651c9fb6,bt_20260427_074402_000067,ml_trader,EURUSD,sell,2022-08-29T07:00:00+00:00,0.001258,50.000679,-2.0,BIAS_DOWN,,,,,,,,,,0.88,0.11969,0.88031,,,0.0,3.8,0.88,0,1,-106.3888,sl_full,2022-08-29T07:45:00+00:00,1
1fe83deb-feec-4cc0-a237-5962e5035edb,bt_20260427_074402,combined_eval,2022-08-05,2025-08-05,e66cf0f2d9bb45152870571b33a723a137d69894c7d3c2cd56d561d4651c9fb6,bt_20260427_074402_000068,ml_trader,USDCAD,buy,2022-08-29T07:00:00+00:00,0.000855,23.82066,2.0,BIAS_UP,,,,,,,,,,0.697,0.697266,0.302734,,,0.0,2.42,0.697,,,,,,1
1fe83deb-feec-4cc0-a237-5962e5035edb__outcome,bt_20260427_074402,combined_eval,2022-08-05,2025-08-05,e66cf0f2d9bb45152870571b33a723a137d69894c7d3c2cd56d561d4651c9fb6,bt_20260427_074402_000068,ml_trader,USDCAD,buy,2022-08-29T07:00:00+00:00,0.000855,23.82066,2.0,BIAS_UP,,,,,,,,,,0.697,0.697266,0.302734,,,0.0,2.42,0.697,0,1,-105.3238,sl_full,2022-08-29T07:45:00+00:00,1
199f641e-db0c-4a62-9ebe-ed43bb5e4211,bt_20260427_074402,combined_eval,2022-08-05,2025-08-05,e66cf0f2d9bb45152870571b33a723a137d69894c7d3c2cd56d561d4651c9fb6,bt_20260427_074402_000069,ml_trader,EURJPY,buy,2022-08-30T07:00:00+00:00,0.147575,22.933723,2.0,BIAS_UP,,,,,,,,,,0.717,0.716797,0.283203,,,0.0,2.49,0.717,,,,,,1
199f641e-db0c-4a62-9ebe-ed43bb5e4211__outcome,bt_20260427_074402,combined_eval,2022-08-05,2025-08-05,e66cf0f2d9bb45152870571b33a723a137d69894c7d3c2cd56d561d4651c9fb6,bt_20260427_074402_000069,ml_trader,EURJPY,buy,2022-08-30T07:00:00+00:00,0.147575,22.933723,2.0,BIAS_UP,,,,,,,,,,0.717,0.716797,0.283203,,,0.0,2.49,0.717,0,1,-104.2684,sl_full,2022-08-31T04:45:00+00:00,1
